,ts,x,heading,y,rssi_3,rssi_4,rssi_5,rssi_8,rssi_10,rssi_11
0,1.6280069673123333e+18,-2.588170080458831,3.2830185887553025,4.827899234552388,,,,,-60.0,
1,1.628006967979e+18,-2.597564409850079,2.9891608136191423,4.83111385268863,-60.75575955874768,-70.0,-49.81698947597886,-51.0,-62.03707201955286,-64.13182526097137
2,1.6280069683123333e+18,-2.597564409850079,2.9891608136191423,4.83111385268863,-64.87714014732245,-70.84945207960874,-49.81698947597886,-56.192541904922074,,
3,1.6280069686456668e+18,-2.599477355554945,2.864095158501946,4.837004401193591,-67.0,-71.16241031110505,-47.840757063844485,-56.37137961520602,-55.87714014732246,-65.67834375675554
4,1.628006968979e+18,-2.599477355554945,2.864095158501946,4.837004401193591,-62.0,-71.22763095213669,-49.81698947597886,-50.0,-57.127672045843056,-63.04667964096758
5,1.6280069693123333e+18,-2.593324952050495,2.65227718691161,4.838198944699912,-57.0,-68.0,-48.308438357056815,,,
6,1.6280069696456668e+18,-2.5764993242005736,2.1032424176480236,4.8394150971707,-62.22645033799738,-68.0,-48.0,-53.54555797142076,-64.0,-62.59637310505756
7,1.628006969979e+18,-2.5764993242005736,2.1032424176480236,4.8394150971707,-59.20680347858712,-69.59637310505757,-49.36194447912907,-48.0,-57.43025578968133,-64.51377523218476
8,1.6280069703123333e+18,-2.5555238808606986,1.4551405237475539,4.836893242113755,-59.0,-69.7445762006788,-48.92358370267847,-53.442165116063975,-59.0,-66.88587392869641
9,1.6280069706456668e+18,-2.51791225273133,0.7786584736243413,4.832231403071583,-58.0,-71.65042921123607,-54.81698947597886,-51.99666022302261,-56.226450337997385,-66.55489532554688
10,1.628006970979e+18,-2.51791225273133,0.7786584736243413,4.832231403071583,-62.937700904720835,-64.62023962696213,-53.003422301696624,-51.44026063356477,-60.98528966022042,-64.67834375675554
11,1.6280069713123333e+18,-2.4854128156749264,0.6885061502701382,4.81852149201663,-62.0,,-52.98298391329042,,,-67.7445762006788
12,1.6280069716456668e+18,-2.4424421649637615,0.587234258649818,4.82116914040329,-63.48304604390742,-64.0,-50.37137961520601,-51.96016958846595,-58.57097796191239,-65.94952108888775
13,1.628006971979e+18,-2.4424421649637615,0.587234258649818,4.82116914040329,-62.0,-87.0,-49.819368656667805,-55.39722871117527,-50.94200867351528,-66.79791593749727
14,1.6280069723123333e+18,-2.3921730842499533,0.48303028073330995,4.837400466341622,-62.0,-85.0,-49.03707201955286,-50.0,,-73.0
15,1.6280069726456668e+18,-2.3507815529798615,0.2892122105734574,4.853200658268269,-63.0,-66.22007994287289,-47.0,-64.0,-52.66321761628444,-65.51533889229631
16,1.628006972979e+18,-2.3507815529798615,0.2892122105734574,4.853200658268269,-61.60663086288034,-70.97593900912253,-48.816989475978865,-56.28196658093697,-50.95596681443936,-77.0
17,1.6280069733123333e+18,-2.2083503781879665,0.24112271632924073,4.890778907077402,-63.0,-66.98801139648877,-48.55489532554688,-55.42997763405458,-50.95596681443936,-62.67531385505685
18,1.6280069736456668e+18,-2.0284757329491456,0.21083264602847537,4.925062952622801,-59.46405268421363,-68.97593900912253,-48.925636787385464,-55.94200867351528,-51.40553010908731,-65.29302069045559
19,1.628006973979e+18,-2.0284757329491456,0.21083264602847537,4.925062952622801,-58.0,-69.97593900912253,-54.37137961520602,-57.66195227680925,-54.55489532554687,-68.81698947597886
20,1.6280069743123333e+18,-1.8595217486590672,0.20021077259742934,4.951169336670196,-56.797915937497265,-73.03707201955285,-48.816989475978865,,,
21,1.6280069746456668e+18,-1.6902037400505858,0.18438238273236152,4.977223611788569,-62.58431909085297,-68.55489532554688,-48.55489532554688,-54.979400086720375,-51.3322668438542,-66.11255084254887
22,1.628006974979e+18,-1.6902037400505858,0.18438238273236152,4.977223611788569,-54.74457620067879,-58.744576200678786,-52.47128104620114,-59.17667146632201,-55.440769254243286,-61.245951332274956
23,1.6280069753123333e+18,-1.537036548334607,0.1666702226258788,5.003320114283479,-63.626018735822676,-67.88587392869641,-46.37137961520602,,,
24,1.6280069756456668e+18,-1.3940092062046012,0.15481301428993313,5.025428952026625,-61.92449996433946,-60.95596681443936,-47.220202460114145,-58.68427091407203,-55.0,-64.11601958172494
25,1.628006975979e+18,-1.3940092062046012,0.15481301428993313,5.025428952026625,-64.33493988674041,-66.78293766150712,-49.04667964096758,-67.34392755560003,-51.51533889229631,-56.22020246011415
26,1.6280069763123333e+18,-1.2510897210870509,0.15254573639390276,5.047979225654318,-63.54429542088837,-69.0,-51.55489532554688,,,
27,1.6280069766456668e+18,-1.2510897210870509,0.15254573639390276,5.047979225654318,-65.0,-61.41801149416955,-54.55489532554687,-62.814650449758304,-55.10226102149839,-60.14286131076071
28,1.628006976979e+18,-1.102770853434404,0.1476531138643851,5.074475747303998,-78.0,-66.52724374661273,-53.88587392869641,-60.882689105267396,-54.08412542943876,-60.88587392869641
29,1.6280069773123333e+18,-0.9627381514011126,0.14769172482556533,5.103961717106702,,-53.0,-49.03707201955286,,,-59.47128104620114
30,1.6280069776456668e+18,-0.9627381514011126,0.14769172482556533,5.103961717106702,-65.9450596319513,-60.676925053321284,-49.245951332274956,-65.47128104620114,-51.44026063356477,-64.47128104620114
31,1.628006977979e+18,-0.8353768540195903,0.15585725829254804,5.133292065608635,-63.37818792907599,-59.0,-58.0,-58.744576200678786,-52.03431126521882,-63.24595133227496
32,1.6280069783123333e+18,-0.7862775839396074,0.1777266242899965,5.158556991844904,-70.163785811139,-56.11255084254886,-50.875090735559425,-64.0,,-65.47128104620114
33,1.6280069786456668e+18,-0.7862775839396074,0.1777266242899965,5.158556991844904,-61.0,-62.0,-48.74331760273472,-68.0,-43.0,-66.79791593749727
34,1.628006978979e+18,-0.8242378665345604,0.10350462968244074,5.1667808368169235,-68.0,-59.702646136698796,-61.245951332274956,-67.7445762006788,-59.98528966022042,-65.55489532554688
35,1.6280069793123333e+18,-0.8376214330509058,-0.4750202181684523,5.165033204864848,-63.0,-54.0,-54.55489532554687,,,-71.49533053638751
36,1.6280069796456668e+18,-0.8376214330509058,-0.4750202181684523,5.165033204864848,-68.22763095213668,-48.0,-53.88587392869641,-67.84604408019229,-57.4957994653252,-70.0
37,1.628006979979e+18,-0.8660189655078676,-0.7488166801337308,5.143254918144054,-66.42971350721564,-51.74457620067879,-61.47128104620114,-65.03707201955285,-61.14555418194013,-70.81698947597887
38,1.6280069803123333e+18,-0.8806156622765121,-0.9944402750357934,5.121920398509697,-70.0,-53.280013442826856,-55.47128104620114,,-56.0,-65.88587392869641
39,1.6280069806456668e+18,-0.8806156622765121,-0.9944402750357934,5.121920398509697,-66.86459584399114,-47.0,-59.245951332274956,-64.07518927625893,-57.0,-67.37137961520601
40,1.628006980979e+18,-0.895837680907855,-1.0773046581093624,5.101521624974674,-70.0,-52.94200867351528,-59.88587392869641,-61.34792108990359,-62.60403201601635,-67.22020246011414
41,1.6280069813123333e+18,-0.895837680907855,-1.0773046581093624,5.101521624974674,-67.02467948506366,-51.797915937497265,-58.55489532554688,,,-67.49533053638751
42,1.6280069816456668e+18,-0.9034285003236913,-1.1536367299419445,5.081656955735242,-72.0,-52.744576200678786,-57.88587392869641,-63.20100985474724,-62.0,-67.81698947597886
43,1.628006981979e+18,-0.9034285003236913,-1.1536367299419445,5.081656955735242,-69.36194447912908,-52.94200867351528,-57.55489532554687,-61.77427799251401,-58.08210209107895,-67.55489532554688
44,1.6280069823123333e+18,-0.9120614553318589,-1.193753322639509,5.065587275497506,-73.0,-51.94200867351529,-57.88587392869641,,,
45,1.6280069826456668e+18,-0.9120614553318589,-1.193753322639509,5.065587275497506,-70.22763095213668,-52.95596681443936,-57.55489532554687,-67.0,-61.49533053638751,-62.380772395358115
46,1.628006982979e+18,-0.9156102307168985,-1.4035565569110893,5.051940680971045,-68.0,-52.95596681443936,-57.245951332274956,-62.964925324418104,-60.14962480295668,-64.86067080007234
47,1.6280069833123333e+18,-0.9204441594388724,-1.4219996742982364,5.041054889421117,-70.43025578968133,-51.955966814439364,-56.98896257656085,,,
48,1.6280069836456668e+18,-0.9204441594388724,-1.4219996742982364,5.041054889421117,-71.28827052218001,-51.84865508224942,-57.88587392869641,-64.68396554736265,-60.67834375675553,-64.37137961520602
49,1.628006983979e+18,-0.9260170225683492,-1.4284145329282292,5.029573107454535,-74.22645033799738,-50.98858803499836,-56.55489532554688,-65.09853918871235,-58.59637310505755,-65.97055676536384
50,1.6280069843123333e+18,-0.9260170225683492,-1.4284145329282292,5.029573107454535,-73.0,-51.97593900912253,-56.55489532554688,,,
51,1.6280069846456668e+18,-0.9317250941471691,-1.3415429020074987,5.024188422524603,-70.0,-50.98298391329042,-55.55489532554688,-60.999404650640194,-58.59637310505755,-65.24595133227496
52,1.628006984979e+18,-0.9317250941471691,-1.3415429020074987,5.024188422524603,-74.22020246011415,-51.98858803499837,-58.226450337997385,-63.87936530616262,,-66.84075706384449
53,1.6280069853123333e+18,-0.9339221190546139,-1.337464513884003,5.01698573648773,-72.37137961520601,-51.97593900912253,-56.245951332274956,,,
54,1.6280069856456668e+18,-0.9339221190546139,-1.337464513884003,5.01698573648773,-74.81698947597886,-52.95596681443936,-55.88587392869641,-62.840757063844485,,-67.79791593749727
55,1.628006985979e+18,-0.9241152433022118,-1.333616542964293,4.962437194970484,-69.0,-51.97593900912253,-57.698253988752285,-64.22692857187502,-57.429713507215624,-77.0
56,1.6280069863123333e+18,-0.9241152433022118,-1.333616542964293,4.962437194970484,-72.68427091407203,-51.96708621881339,-56.0,,-64.0,
57,1.6280069866456668e+18,-0.8937186785241361,-1.3370679559889964,4.812778201251288,-74.44216511606398,-54.649430610393104,-56.245951332274956,-76.0,-64.0,-61.978499871151904
58,1.628006986979e+18,-0.8655797304203128,-1.3414860759170524,4.666780563496871,-74.0,-50.0,-53.57097796191239,-63.55833638938891,-55.0,-73.03707201955285
59,1.6280069873123333e+18,-0.8655797304203128,-1.3414860759170524,4.666780563496871,-69.0,-53.715310359187136,-55.0,,-61.037072019552866,
60,1.6280069876456668e+18,-0.8363826993854139,-1.3392530068479045,4.528708389894663,-75.76341203394729,-56.0,-52.47128104620114,-64.46482786166723,-55.46490104539004,-63.37223505164754
61,1.628006987979e+18,-0.8009049638190133,-1.3222674859970054,4.395043483402597,-80.19387168378337,-61.0,-49.0,-66.03863036182355,-56.77427799251401,-59.902557701520244
62,1.6280069883123333e+18,-0.8009049638190133,-1.3222674859970054,4.395043483402597,-72.52724374661271,-62.374551190804226,-53.88587392869641,,-69.0,
63,1.6280069886456668e+18,-0.7601209922509545,-1.3009775313089218,4.271486425902275,-71.0,-56.13594507829853,-48.69825398875229,-74.0,-55.0,-61.89972508487515
64,1.628006988979e+18,-0.7160953836617883,-1.2904409740045755,4.148206430758443,-70.92294594824926,-57.10533244359114,-54.0,-67.67774137816355,-64.0,-66.81698947597886
65,1.6280069893123333e+18,-0.7160953836617883,-1.2904409740045755,4.148206430758443,-76.0,-55.64977789627954,-49.47128104620114,,-54.245951332274956,
66,1.6280069896456668e+18,-0.6706146463512251,-1.2974411860828032,4.018399937011923,-75.7026461366988,-52.0,-49.357154974897554,-68.43025578968133,-57.40415109952889,-69.25298294297211
67,1.628006989979e+18,-0.6522802854500929,-1.2818693031178099,3.989248325537869,-68.0,-54.25509021561421,-52.59637310505756,-64.0,-57.0,-68.79791593749727
68,1.6280069903123333e+18,-0.6522802854500929,-1.2818693031178099,3.989248325537869,-70.36194447912906,,-51.816989475978865,,-58.24595133227496,
69,1.6280069906456668e+18,-0.6458621393062606,-1.3401729536928109,4.002693100747723,-86.0,-53.744576200678786,-53.47128104620114,-66.48194240977344,-57.87714014732245,-63.866032225388665
70,1.628006990979e+18,-0.6441891046727377,-1.345047665675819,4.009905761027566,-77.44216511606398,-64.81698947597886,-53.495330536387506,-68.0,-59.88587392869641,-61.49533053638751
71,1.6280069913123333e+18,-0.6441891046727377,-1.345047665675819,4.009905761027566,-77.0,-60.03707201955286,-55.816989475978865,,,
72,1.6280069916456668e+18,-0.633472626820521,-1.3679878817166298,3.9654550312437973,-76.0,-59.59637310505756,-48.744576200678786,-62.829618197778856,-63.361944479129065,-61.61733094748097
73,1.628006991979e+18,-0.5537689913378587,-0.9453435137138548,3.779233102241106,-80.22763095213668,-59.49533053638751,-61.0,-61.44913180851933,-64.77231166668093,-63.01943682569779
74,1.6280069923123333e+18,-0.5537689913378587,-0.9453435137138548,3.779233102241106,,-59.0,,,,
75,1.6280069926456668e+18,-0.45847990543082223,-1.0189533757134708,3.638283893123518,-78.0,-62.03707201955286,-54.245951332274956,-62.0,-63.0,-61.49533053638751
76,1.628006992979e+18,-0.40111186274459903,-1.1214278091044692,3.5107311144618647,-76.78293766150713,-63.47128104620114,-60.79791593749726,-63.65342242733021,-66.67834375675554,-59.97674030150549
77,1.6280069933123333e+18,-0.40111186274459903,-1.1214278091044692,3.5107311144618647,-71.0,-58.495330536387506,-61.88587392869641,,,
78,1.6280069936456668e+18,-0.37741410681620147,-1.210101576969473,3.3830487888075553,-70.88668852088806,-57.220202460114145,-60.37137961520601,-63.23197293034564,-61.69950492535217,-62.81698947597886
79,1.628006993979e+18,-0.37741410681620147,-1.210101576969473,3.3830487888075553,-70.78975051398773,-55.88587392869641,-57.94200867351528,-61.08210209107896,-65.97593900912253,-60.236930144635764
80,1.6280069943123333e+18,-0.36353661446023194,-1.2784877023607881,3.246560830331073,-69.0,-65.49533053638751,-58.0,,-66.03707201955287,
81,1.6280069946456668e+18,-0.353319596624015,-1.3233431869365655,3.095903219490788,-77.0,-55.95596681443936,-60.98298391329042,-65.37137961520601,-67.37137961520601,-64.22020246011415
82,1.628006994979e+18,-0.353319596624015,-1.3233431869365655,3.095903219490788,-67.88587392869641,-56.94200867351529,-57.334939886740415,-60.54760527802627,-74.88587392869641,-56.596373105057566
83,1.6280069953123333e+18,-0.33836755637137644,-1.3461887119967346,2.9414026026947546,-64.03707201955287,-56.245951332274956,,,-64.37137961520602,
84,1.6280069956456668e+18,-0.3382252539713954,-1.3400415484132382,2.8812383749089743,-67.47128104620114,-58.47128104620114,-60.98528966022042,-56.840757063844485,-73.22020246011414,-55.10840954760194
85,1.628006995979e+18,-0.3382252539713954,-1.3400415484132382,2.8812383749089743,-73.0,-57.88587392869641,-66.67834375675554,-60.90255770152024,-71.0,-59.88587392869641
86,1.6280069963123333e+18,-0.34861452301099355,-1.3224275446506495,2.9098860196063088,-75.0,-54.47128104620114,,,,
87,1.6280069966456668e+18,-0.3525745008370847,-1.0714891701065181,2.9125045133028253,-71.0,-54.0,-59.094965077078704,-57.49800363783733,-69.79300285962088,-68.47128104620114
88,1.628006996979e+18,-0.3525745008370847,-1.0714891701065181,2.9125045133028253,-69.0,-55.0,-67.88587392869641,-67.35715497489755,-69.15539190686465,-70.59637310505755
89,1.6280069973123333e+18,-0.3506479632696389,-1.0404081909637388,2.923987875788191,-74.0,-72.0,,,-70.0,
90,1.6280069976456668e+18,-0.34696712459275425,-0.877485601444696,2.9266073940604,-59.6427989476056,-58.16284946429143,-66.0584766444677,-70.0,-67.0,-68.92563678738546
91,1.628006997979e+18,-0.34696712459275425,-0.877485601444696,2.9266073940604,-62.0,-55.86459584399115,-68.69028178094878,-64.16241031110505,-70.6982539887523,-72.22020246011414
92,1.6280069983123333e+18,-0.34696712459275425,-0.877485601444696,2.9266073940604,-59.828059379920795,-58.77427799251401,-69.0,,-69.0,-69.0
93,1.6280069986456668e+18,-0.33482238671886416,-0.8538443747475876,2.9232559989098053,-64.60577922009921,-63.47128104620114,-74.49533053638751,-64.84136636873859,-67.2470936556241,-69.1687212040898
94,1.628006998979e+18,-0.33482238671886416,-0.8538443747475876,2.9232559989098053,-64.94136369863598,-57.155391906864665,-72.88587392869641,-65.176671466322,-70.0,-69.37137961520602
95,1.6280069993123333e+18,-0.31081276448181183,-0.8267027536860679,2.9080363173842283,-64.02467948506366,-55.0,-67.0,,,
96,1.6280069996456668e+18,-0.31081276448181183,-0.8267027536860679,2.9080363173842283,-64.0,-63.0,-65.49533053638751,-64.57007447761686,-70.00513713627518,-69.09221966779666
97,1.628006999979e+18,-0.20249940738378971,-0.8383071548228739,2.7994057497555627,-62.0,-48.42326853447788,-67.0,-66.0,-71.51256161302327,-68.88587392869641
98,1.6280070003123333e+18,-0.12120483393241942,-0.8412056796837762,2.7163966362122616,-59.702646136698796,-56.816989475978865,-60.55489532554688,,,
99,1.6280070006456668e+18,-0.11233255541760218,-0.8031382996906636,2.7250579049378474,-62.0,-60.0,-61.037072019552866,-64.69028178094877,-70.88587392869641,-65.32341439608774
100,1.628007000979e+18,-0.11233255541760218,-0.8031382996906636,2.7250579049378474,-57.58815468949067,-53.67834375675553,-59.64747592985649,-64.0,-72.46405268421363,-60.63336204372918
101,1.6280070013123333e+18,-0.10740896144642025,-0.7833497266801827,2.7302360594455912,-57.81936865666779,-53.47156036163254,-59.81698947597886,-60.0,-75.0,-59.17667146632201
102,1.6280070016456668e+18,-0.0009356313995214498,-0.8067265519874796,2.6253208961159893,-60.0,-53.495330536387506,-60.55489532554688,-65.1893151464468,-75.3260372609087,-60.24595133227496
103,1.628007001979e+18,-0.0009356313995214498,-0.8067265519874796,2.6253208961159893,-56.32386600005731,-54.49533053638751,-61.0,-61.08210209107896,-71.8280593799208,-63.97252667057757
104,1.6280070023123333e+18,0.10709628702115757,-0.8132989451819332,2.511228356630423,-66.0,-53.22020246011414,-63.59637310505755,,,
105,1.6280070026456668e+18,0.10709628702115757,-0.8132989451819332,2.511228356630423,-59.69825398875229,-53.22020246011414,-59.55489532554687,-66.84945207960874,-72.0,-58.84945207960874
106,1.628007002979e+18,0.13539063211824043,-0.795269351703381,2.4959606182837315,-62.0,-54.840757063844485,-59.5483753986712,-63.00256658935063,-68.16872120408982,-60.58847180017624
107,1.6280070033123333e+18,0.15049460897329914,-0.7812507039478634,2.4951311562221328,-52.334939886740415,,,,,
108,1.6280070036456668e+18,0.15049460897329914,-0.7812507039478634,2.4951311562221328,-62.0,-49.94200867351529,-61.88587392869641,-60.0,-65.88587392869641,-62.55489532554687
109,1.628007003979e+18,0.15650349081543857,-0.7768934669303386,2.4983117738290495,-55.0,-46.92449996433946,-60.47128104620114,-60.52724374661271,-65.24595133227496,-59.368851208467916
110,1.6280070043123333e+18,0.15870765508617182,-0.770828089840747,2.5034182005218417,-55.123399912615895,-47.924499964339454,-68.24595133227496,,,
111,1.6280070046456668e+18,0.15870765508617182,-0.770828089840747,2.5034182005218417,-53.12339991261589,-58.0,-62.47128104620114,-61.816989475978865,-64.2778417457796,-60.24595133227496
112,1.628007004979e+18,0.1771143154580805,-1.0304359095344744,2.4931218208213157,-55.816989475978865,-43.96708621881338,-61.47128104620114,-59.0,-69.03707201955287,-58.7172323784761
113,1.6280070053123333e+18,0.23585628477662152,-1.0778447498558736,2.3545790901798256,-53.59637310505755,-47.840757063844485,,,,
114,1.6280070056456668e+18,0.23585628477662152,-1.0778447498558736,2.3545790901798256,-57.0,-43.95596681443935,-62.3015004266098,-60.47128104620114,-64.97937872679972,-57.47128104620114
115,1.628007005979e+18,0.26101469134153416,-1.3464351443124787,2.300537206204663,-55.03707201955286,-46.840757063844485,-57.88587392869641,-61.512886961819106,-66.16241031110505,-59.47128104620114
116,1.6280070063123333e+18,0.27335078567648063,-1.3399566506806158,2.2182217527561816,-57.88668852088807,-48.95596681443935,,,,
117,1.6280070066456668e+18,0.27335078567648063,-1.3399566506806158,2.2182217527561816,-51.797915937497265,-50.97593900912252,-62.85129512973873,-63.47128104620114,-66.6427989476056,-60.973667472366685
118,1.628007006979e+18,0.29883069230619524,-1.3813115639110007,2.0405444086421123,-58.60804091235134,-51.545770042243234,-61.744969263631184,-58.16378581113899,-70.0,-60.24595133227496
119,1.6280070073123333e+18,0.2906419301477858,-1.5332564133633901,2.027829362885957,,,,,-71.55489532554688,
120,1.6280070076456668e+18,0.2906419301477858,-1.5332564133633901,2.027829362885957,-62.0,-50.29513326455404,-62.924499964339454,-57.56562367673286,-60.86010668348581,-57.61894758875112
121,1.628007007979e+18,0.2827870567573412,-1.5367887122538242,2.027021065056052,-67.57097796191238,-57.0,-64.12485311217948,-54.0,-65.0,-66.81698947597886
122,1.6280070083123333e+18,0.2827870567573412,-1.5367887122538242,2.027021065056052,-65.33493988674041,-52.12339991261588,,-56.49533053638751,,
123,1.6280070086456668e+18,0.2777014287032082,-1.5540079819378243,1.929387188335471,-66.0,-52.03707201955286,-67.0,-61.73644122877971,-64.92669992490859,-68.41560409441358
124,1.628007008979e+18,0.27632805460554094,-1.6762240270066115,1.897083756692071,-69.48194240977342,-49.347921089903586,-65.62352248514605,-56.037072019552866,-69.23419574636654,-72.22020246011414
125,1.6280070093123333e+18,0.2572242370362662,-1.6645249795876225,1.7112332811120787,-72.0,-57.0,,,,
126,1.6280070096456668e+18,0.2572242370362662,-1.6645249795876225,1.7112332811120787,-68.0,-59.0,-63.495330536387506,-57.575425239949254,-61.245951332274956,-71.6474759298565
127,1.628007009979e+18,0.2421439385508363,-1.650350699735233,1.5392859560136731,-58.0,-56.357154974897554,-69.27981655343643,-59.86270070554501,-65.0,-66.03707201955287
128,1.6280070103123333e+18,0.2421439385508363,-1.650350699735233,1.5392859560136731,-63.02467948506365,,,,-64.0,-51.96708621881339
129,1.6280070106456668e+18,0.2412757088820787,-1.7516361799040536,1.4926918592477432,-60.32652576909101,-55.7026461366988,-62.389311616241095,-56.89319193553366,-62.07223588114121,-58.936275140792034
130,1.628007010979e+18,0.24375327958792972,-1.7261881092224662,1.5068000962729449,-60.0,-51.037072019552866,-63.28827052218,-65.42473406617903,-64.98660260852017,-61.596373105057566
131,1.6280070113123333e+18,0.24375327958792972,-1.7261881092224662,1.5068000962729449,-65.84945207960874,,,,,
132,1.6280070116456668e+18,0.24170857268103668,-1.7093443519553824,1.4953012573075137,-66.0,-53.9608150188318,-64.49533053638751,-57.429713507215624,-67.0,-57.86233263788671
133,1.628007011979e+18,0.22224476357269382,-1.6879348997553727,1.3238016992458124,-63.55489532554688,-51.47128104620114,-59.968302622008174,-63.34792108990359,-63.55489532554688,-56.797915937497265
134,1.6280070123123333e+18,0.22224476357269382,-1.6879348997553727,1.3238016992458124,-61.0,,,-61.0,,
135,1.6280070126456668e+18,0.21327252051193304,-1.663034280347756,1.171536265015337,-66.3479210899036,-51.26859135615157,-66.84075706384449,-56.0,-67.84945207960874,-56.8693647338937
136,1.628007012979e+18,0.20990455190605165,-1.636286180497186,1.0392509796152762,-59.88587392869641,-50.56738763002155,-62.964289384697175,-59.0,-68.21656950219996,-58.11505791726936
137,1.6280070133123333e+18,0.20990455190605165,-1.636286180497186,1.0392509796152762,-65.12410727762814,-50.55489532554688,-66.98858803499836,-58.63213580156422,-64.22020246011415,-66.88587392869641
138,1.6280070136456668e+18,0.21566468050774165,-1.6076343639625055,0.95910923051397,-68.11505791726935,-53.47128104620114,-62.88587392869641,-57.77271720661392,-65.81698947597887,-65.81698947597887
139,1.628007013979e+18,0.2277967439175162,-1.588022317202233,1.0196876262129757,-62.312872543368414,-55.88587392869641,-67.24595133227496,-56.0,-63.20149560566935,-63.846044080192286
140,1.6280070143123333e+18,0.2277967439175162,-1.588022317202233,1.0196876262129757,-64.0,-52.47128104620114,-60.88587392869641,-64.84075706384448,,
141,1.6280070146456668e+18,0.23126113167634574,-1.6348037752820361,1.0666808779939014,-65.0,-52.0,-65.49533053638751,-63.88587392869641,-63.55489532554688,-58.84075706384448
142,1.628007014979e+18,0.23557848243711318,-1.6430676402964013,1.106282545142198,-61.0,-49.88587392869641,-60.03707201955286,-64.49533053638751,-66.47128104620114,-56.993044706351895
143,1.6280070156456668e+18,0.2287657409174904,-1.625220467659848,1.0457698549673684,-70.47128104620114,-52.81698947597886,-59.47128104620114,-60.24595133227496,-61.0,-63.744576200678786
144,1.628007015979e+18,0.2287657409174904,-1.625220467659848,1.0457698549673684,-70.0,-52.47128104620114,-81.0,-64.0,-66.24595133227496,-62.875090735559425
145,1.6280070163123333e+18,0.2233886412694644,-1.6146126944158732,0.9113291250839327,,,,-70.88587392869641,,-63.90255770152024
146,1.6280070166456668e+18,0.22536969755858627,-1.6005378998615802,0.7917015945077703,-67.40415109952889,-50.47128104620114,-61.53355090569784,-68.47128104620114,-63.81644866380495,-61.840757063844485
147,1.628007016979e+18,0.22536969755858627,-1.6005378998615802,0.7917015945077703,-71.66318187439734,-52.245951332274956,-79.0,-65.0,-61.14555418194013,-60.94200867351528
148,1.6280070173123333e+18,0.2292858770113818,-1.5895644571905958,0.676542257680605,-65.87509073555943,-54.16241031110505,,-64.88587392869641,,
149,1.6280070176456668e+18,0.23699437552904792,-1.5863380432013812,0.5677899668179894,-74.0,-51.0,-62.861175991154425,-59.25988149974948,-68.0,-66.089511812678
150,1.628007017979e+18,0.23699437552904792,-1.5863380432013812,0.5677899668179894,-64.88669256972092,-49.16241031110505,-66.22020246011415,-60.979400086720375,-75.0,-63.59637310505755
151,1.6280070183123333e+18,0.25037291069007134,-1.5754264711797132,0.44584171267110956,-67.0,-49.16241031110505,-58.03707201955285,-66.95596681443936,-71.08412542943876,
152,1.6280070186456668e+18,0.26475705768194935,-1.5425242388070954,0.482448157321902,-70.57007447761686,-49.0,-59.864412732641554,-68.43025578968133,-66.40406706904844,-67.21216182018568
153,1.628007018979e+18,0.26475705768194935,-1.5425242388070954,0.482448157321902,-61.31385462024352,-48.48304604390742,-65.08412542943876,-61.18119762316827,-69.57542523994925,-67.67834375675554
154,1.6280070196456668e+18,0.27225085508340335,-1.5037333976849774,0.5375099869554503,-59.0,-47.0,-65.0,-60.0,-64.0,-65.84075706384448
155,1.628007019979e+18,0.27225085508340335,-1.5037333976849774,0.5375099869554503,-61.0,-49.0,-62.15969527921913,-63.24595133227496,-65.0,-65.49533053638751
156,1.6280070203123333e+18,0.27330230496513036,-1.4934253461826754,0.5557990069851417,-66.75575955874767,,,,,-64.59637310505757
157,1.6280070206456668e+18,0.274146475322353,-1.4859305135723528,0.562621388748777,-64.0,-49.92358370267848,-58.875090735559425,-64.8193686566678,-65.47833621958272,-70.55489532554688
158,1.628007020979e+18,0.274146475322353,-1.4859305135723528,0.562621388748777,-65.88587392869641,-50.816989475978865,-59.9755347397684,-68.22645033799739,-64.0,-64.59637310505757
159,1.6280070213123333e+18,0.2756477552915249,-1.480185093040452,0.571046966152425,-62.0,,,,,
160,1.6280070216456668e+18,0.2761299884661472,-1.4779186283422445,0.5791996785379395,-68.66318187439734,-48.92358370267847,-60.744576200678786,-63.68958437300583,-66.16241031110505,-66.60945974074023
161,1.628007021979e+18,0.2761299884661472,-1.4779186283422445,0.5791996785379395,-64.0,-49.81698947597886,-58.70528056034544,-66.92358370267847,-65.57200049288932,-65.37137961520601
162,1.6280070223123333e+18,0.2759575290264292,-1.4692014891704908,0.5849013935549682,-68.6982539887523,,,-61.0,,
163,1.6280070226456668e+18,0.27682974020629897,-1.46902618419709,0.5884219845718797,-64.0,-50.38432551534712,-58.22020246011414,-61.0,-65.0,-65.35558817205029
164,1.628007022979e+18,0.27682974020629897,-1.46902618419709,0.5884219845718797,-66.55489532554688,-50.472962090760944,-58.29513326455404,-62.0,-66.71780071285886,-66.40954676930475
165,1.6280070233123333e+18,0.27647541010996557,-1.4665418092684814,0.5896696931223627,-65.0,,,-64.24595133227496,,
166,1.6280070236456668e+18,0.27730825600835035,-1.4600073998983198,0.5958946420405717,-66.8193686566678,-49.81698947597886,-58.03707201955285,-64.8193686566678,-65.88587392869641,-66.03707201955287
167,1.628007023979e+18,0.27730825600835035,-1.4600073998983198,0.5958946420405717,-65.0,-50.318630171393735,-58.22020246011414,-64.59822698081953,-67.91351497532845,-66.40954676930475
168,1.6280070243123333e+18,0.27829667644711137,-1.4569844601643736,0.6015330847138843,-67.43025578968133,,,,,
169,1.6280070246456668e+18,0.27829667644711137,-1.4569844601643736,0.6015330847138843,-65.0,-49.81698947597886,-58.55489532554688,-62.0,-67.90255770152024,-66.03707201955287
170,1.628007024979e+18,0.27820832752978997,-1.4541704773004323,0.606867024597349,-65.0,-50.88669256972092,-59.03707201955286,-64.03707201955287,-67.92449996433946,-66.40085363678006
171,1.6280070253123333e+18,0.2791841869282836,-1.455966066252798,0.603933123870329,-66.55489532554688,,-58.0,,,
172,1.6280070256456668e+18,0.2791841869282836,-1.455966066252798,0.603933123870329,-66.55489532554688,-49.81698947597886,-56.0,-63.925636787385464,-67.90255770152024,-66.03707201955287
173,1.628007025979e+18,0.2812118380393674,-1.4531146212046575,0.6033368010262837,-61.037072019552866,-50.170289101288965,-58.22020246011414,-64.03707201955287,-67.92449996433946,-66.84075706384449
174,1.6280070263123333e+18,0.2799586429484731,-1.4530193526641522,0.6118042291758562,-62.55489532554687,,,,,-66.7445762006788
175,1.6280070266456668e+18,0.2799586429484731,-1.4530193526641522,0.6118042291758562,-62.55489532554687,-50.55489532554688,-58.38432551534712,-64.03707201955287,-68.82959724131828,-66.84075706384449
176,1.628007026979e+18,0.2803543133636461,-1.45590242961108,0.6119866991416302,-59.59822698081954,-49.73001007934985,-59.03707201955286,-65.00342245631165,-74.59637310505757,-64.0
177,1.6280070273123333e+18,0.27900429187090653,-1.4547115779276374,0.6127281592897613,,,,,,-67.79791593749727
178,1.6280070276456668e+18,0.27900429187090653,-1.4547115779276374,0.6127281592897613,-60.280013442826856,-50.6427989476056,-58.01391819874959,-63.663181874397345,-74.0226335350172,-66.79791593749727
179,1.628007027979e+18,0.2795563157660726,-1.4602405696580139,0.613994496406326,-52.0,-53.0,-58.508353065753994,-68.0,-75.88668852088806,-67.79791593749727
180,1.6280070283123333e+18,0.2801438349309081,-1.4623576059234515,0.6126795653562882,,,,,,-64.0
181,1.6280070286456668e+18,0.2801438349309081,-1.4623576059234515,0.6126795653562882,-59.43025578968133,-53.16241031110505,-58.22020246011414,-64.81698947597886,-72.0,-67.79791593749727
182,1.628007028979e+18,0.2800467560142297,-1.4600485993436558,0.6121106595335482,-58.92358370267847,-52.42038844361005,-58.22020246011414,-64.38769697900193,-72.0,-66.79791593749727
183,1.6280070293123333e+18,0.2795770981874519,-1.4470446799820305,0.615083937269422,,,,,,-66.84075706384449
184,1.6280070296456668e+18,0.2795770981874519,-1.4470446799820305,0.615083937269422,-56.334939886740415,-53.0,-57.81698947597886,-68.0,-75.16903515985639,-67.84075706384448
185,1.628007029979e+18,0.2797060361971991,-1.4517899311690203,0.6148521056983057,-60.0,-53.55413689329866,-57.4957994653252,-68.0,-75.68427091407203,-67.79791593749727
186,1.6280070303123333e+18,0.28007357279215217,-1.457413495940248,0.6180315127857589,-57.36194447912907,,,,,-66.84075706384449
187,1.6280070306456668e+18,0.28007357279215217,-1.457413495940248,0.6180315127857589,-57.0,-53.88587392869641,-58.22020246011414,-64.12339991261588,-71.47128104620114,-64.0
188,1.628007030979e+18,0.2816993137956376,-1.4584770868306582,0.6141771000958642,-58.55489532554688,-53.0,-64.24595133227496,-64.12339991261588,-74.67317354886595,-68.39722871117529
189,1.6280070313123333e+18,0.2825867044833809,-1.4556385300482926,0.6130910279390828,-58.0,,,,,-64.0
190,1.6280070316456668e+18,0.2825867044833809,-1.4556385300482926,0.6130910279390828,-56.964925324418104,-52.47128104620114,-64.24595133227496,-65.6427989476056,-72.0,-67.79791593749727
191,1.628007031979e+18,0.28316477274135166,-1.457550758083311,0.6142890319030628,-59.607597306643925,-51.245951332274956,-64.24595133227496,-64.12339991261588,-71.0,-66.13689020602006
192,1.6280070326456668e+18,0.2836231777306309,-1.4512663411043996,0.6113677285887518,-54.0,-51.357154974897554,-64.55489532554688,-68.0,-74.88668852088806,-67.79791593749727
193,1.628007032979e+18,0.28413548097852276,-1.453152152732662,0.6104175509609426,-55.816989475978865,-51.640468339958204,-64.24595133227496,-68.0,-74.0226335350172,-67.2930206904556
194,1.6280070333123333e+18,0.28413548097852276,-1.453152152732662,0.6104175509609426,-58.0,,,,,
195,1.6280070336456668e+18,0.2828635891134483,-1.4477736094528617,0.6181391752485272,-59.570074477616856,-51.816989475978865,-64.24595133227496,-65.29341874475003,-72.0,-64.0
196,1.628007033979e+18,0.2824398828398421,-1.4417131140270416,0.6173380714671103,-60.03501692168909,-52.03707201955286,-64.55413689329866,-68.0,-68.68396554736265,-66.84075706384449
197,1.6280070343123333e+18,0.2824398828398421,-1.4417131140270416,0.6173380714671103,-58.0,-51.357154974897554,-64.24595133227496,-64.81698947597886,-69.55489532554688,-65.67531385505686
198,1.6280070346456668e+18,0.2817262713275589,-1.447980024411935,0.6177257910447859,-61.17667146632201,-49.03707201955286,-64.24595133227496,-63.81415640098923,-68.81698947597886,-66.84075706384449
199,1.628007034979e+18,0.2813288839093834,-1.4403715869260916,0.620358767663117,-58.0,-50.88587392869641,-63.78975051398773,-64.81698947597886,-68.55489532554688,-65.0
200,1.6280070356456668e+18,0.2805710373016981,-1.4474775009129315,0.6257473720330762,-59.245951332274956,-51.245951332274956,-66.0,-64.22020246011415,-69.55489532554688,-66.84075706384449
201,1.628007035979e+18,0.28080674401563815,-1.446600079216491,0.621414637666238,-58.88587392869641,-51.32652576909101,-63.55489532554688,-63.0,-68.98528966022042,-66.22020246011415
202,1.6280070363123333e+18,0.28080674401563815,-1.446600079216491,0.621414637666238,-60.12123479737585,,-64.24595133227496,-65.03707201955285,-68.81698947597886,-66.22020246011415
203,1.6280070366456668e+18,0.28166294326257646,-1.44692066903382,0.620008961426668,-58.24595133227496,-48.22020246011414,-64.55413689329866,-66.00342245631165,-68.55489532554688,-66.22020246011415
204,1.628007036979e+18,0.29586340172293685,-1.4670571119358484,0.4875122575210167,-57.43025578968133,-50.88587392869641,-66.47128104620114,-63.0,-67.47128104620114,-65.37137961520601
205,1.6280070373123333e+18,0.29586340172293685,-1.4670571119358484,0.4875122575210167,-55.0,-50.55489532554688,-65.88587392869641,-65.15539190686466,-67.0,-66.22020246011415
206,1.6280070376456668e+18,0.30777506259327186,-1.5065037817588125,0.33540068939311934,-57.170289101288965,-49.87714014732245,-64.02617637174801,-64.0,-63.97252667057757,-66.49533053638751
207,1.628007037979e+18,0.3051491565527188,-1.514553054765373,0.3555048430747632,-54.0,-49.0,-66.0,-67.6404683399582,-70.0,-70.59637310505755
208,1.6280070383123333e+18,0.3051491565527188,-1.514553054765373,0.3555048430747632,-58.18119762316827,-48.52724374661272,-70.47128104620114,-56.0,-69.3128725433684,-60.744576200678786
209,1.6280070386456668e+18,0.305065079136559,-1.5360447902293557,0.2988064224962589,-58.11505791726936,-46.0,-57.81698947597886,-68.42971350721564,-71.0,-64.59637310505757
210,1.628007038979e+18,0.30577240420363117,-1.5686162862783155,0.13196892677039135,-58.312872543368414,-48.226450337997385,-67.55489532554688,-64.54768137255898,-69.63336204372918,-64.22020246011415
211,1.6280070393123333e+18,0.30577240420363117,-1.5686162862783155,0.13196892677039135,-54.0,-48.0,-56.037072019552866,-65.0,-70.0,-65.49533053638751
212,1.6280070396456668e+18,0.30550412310375746,-1.8797149627443923,0.1301304023728413,-54.0,-47.16241031110505,-63.495330536387506,-57.0,-70.86423794540882,-61.87509073555943
213,1.628007039979e+18,0.2979103979968132,-1.8564450078078478,0.14835494217074216,-61.36315894897588,,-62.60945974074023,-66.0,-67.2598814997495,-57.59637310505756
214,1.6280070403123333e+18,0.2979103979968132,-1.8564450078078478,0.14835494217074216,,,,-65.0194368256978,-68.0,-56.74457620067879
215,1.6280070406456668e+18,0.2558571158809551,-1.8152379874877302,0.024966909031691784,-61.0,,-65.03707201955285,-66.3458257756401,-67.0,-59.67834375675554
216,1.628007040979e+18,0.2269251350252898,-1.8053440804055947,-0.09999769650306084,-59.0,-49.0,-57.81698947597886,-63.16378581113899,-74.0,-55.67834375675553
217,1.6280070413123333e+18,0.2269251350252898,-1.8053440804055947,-0.09999769650306084,-55.0,-47.245951332274956,-57.88587392869641,-64.0,-68.1233999126159,-57.59637310505756
218,1.6280070416456668e+18,0.2309281093011503,-1.7743761073136397,-0.09162273098773466,-58.01533385499083,-49.308438357056815,-57.245951332274956,-56.0,-70.78702201756445,-56.67834375675554
219,1.628007041979e+18,0.2309281093011503,-1.7743761073136397,-0.09162273098773466,-63.0,-48.0,-56.37137961520602,-59.0,-67.13518455415036,-65.98896257656085
220,1.6280070423123333e+18,0.22507967265017062,-2.1821995448636478,-0.11638433725334472,-65.22763095213668,-48.0,-54.67834375675554,-63.30542416645643,-68.78975051398773,-68.47128104620114
221,1.6280070426456668e+18,0.22507967265017062,-2.1821995448636478,-0.11638433725334472,-62.829618197778856,-48.229250937780705,-54.0,-60.1326389065565,-69.0,-68.24595133227496
222,1.628007042979e+18,0.21914745118479748,-2.329410602093895,-0.11854079065175546,-63.12339991261589,-48.88587392869641,-53.0,-70.48304604390742,-68.55489532554688,-59.03707201955286
223,1.6280070433123333e+18,0.21914745118479748,-2.329410602093895,-0.11854079065175546,-61.0,-48.0,-67.0,-62.31385462024352,-65.59637310505755,-61.22020246011415
224,1.6280070436456668e+18,0.2079250117615404,-2.2363660111878274,-0.11932604934540617,-60.92358370267847,-48.88587392869641,-52.0,-63.0,-67.0,-68.4953305363875
225,1.628007043979e+18,0.2079250117615404,-2.2363660111878274,-0.11932604934540617,-62.0,-48.47128104620114,-61.0,-68.0,-67.0,-60.220202460114145
226,1.6280070443123333e+18,0.12342308367456209,-2.199295098884823,-0.2290547009837391,-61.308438357056815,-48.88587392869641,-49.0,-64.0,-66.88587392869641,-60.816989475978865
227,1.6280070446456668e+18,0.10685460849089008,-2.1447929059622766,-0.256843776477591,-62.0,-48.88587392869641,-59.0,-70.22645033799739,-66.03707201955287,-59.220202460114145
228,1.628007044979e+18,0.10685460849089008,-2.1447929059622766,-0.256843776477591,-62.19400172263412,-49.94443586535563,-65.0,-64.84945207960874,,-63.98298391329042
229,1.6280070453123333e+18,0.10503632622511562,-2.1549592418578256,-0.2671941350019761,-61.51533889229631,-47.245951332274956,-65.53066729175784,-61.840757063844485,,-62.284240409112066
230,1.6280070456456668e+18,0.09652928527525004,-2.797137160825099,-0.2742078350265141,-59.47128104620114,-51.88587392869641,-64.0,-62.633362043729186,,-68.55489532554688
231,1.628007045979e+18,0.09652928527525004,-2.797137160825099,-0.2742078350265141,-61.37137961520602,-48.55489532554688,-57.0,-68.03707201955285,-65.81698947597887,-65.96708621881338
232,1.6280070463123333e+18,0.08553584795295797,-3.099273397707939,-0.2528411936241162,-61.797915937497265,-50.24595133227496,,-63.744576200678786,-68.4953305363875,-63.924499964339454
233,1.6280070466456668e+18,0.08553584795295797,-3.099273397707939,-0.2528411936241162,-58.37137961520601,-52.81698947597886,-59.0,-64.88587392869641,-65.24595133227496,-64.9930447063519
234,1.628007046979e+18,0.06642675207389863,-3.1467043935534518,-0.23088344216777984,-60.19254190492207,-54.59637310505756,-64.0,-65.88587392869641,-69.0,-58.98298391329042
235,1.6280070473123333e+18,0.06642675207389863,-3.1467043935534518,-0.23088344216777984,-63.0,-51.840757063844485,-64.0,-69.0,-68.98528966022042,-58.98858803499835
236,1.6280070476456668e+18,0.04860686005770763,-3.170785536742877,-0.20798505847873738,-66.37137961520602,-54.67834375675554,-59.0,-65.60478741182422,-69.93577255041285,-62.924499964339454
237,1.628007047979e+18,0.04860686005770763,-3.170785536742877,-0.20798505847873738,-60.0,-55.32386600005731,-64.0,-69.0,-73.0,-59.967086218813385
238,1.6280070483123333e+18,0.02852305693703223,-3.187829068861585,-0.1919350064213241,-64.15539190686465,-64.0,-63.0,-64.16241031110505,-68.56338671237572,-59.97593900912253
239,1.6280070486456668e+18,0.01847292369316658,-3.0656973680021165,-0.1799485916720975,-64.9649253244181,-56.34792108990359,-65.0,-69.0,-74.0,-58.97593900912252
240,1.628007048979e+18,0.01847292369316658,-3.0656973680021165,-0.1799485916720975,-63.0,-56.91130309351074,-66.0,-68.0,-69.97588143698968,-59.44329880178438
241,1.6280070493123333e+18,0.015471778657670382,-3.0270175425439154,-0.1793331443839215,,,,-64.36194447912908,,
242,1.6280070496456668e+18,0.015471778657670382,-3.0270175425439154,-0.1793331443839215,-63.575051293480946,-61.0,-64.0,-63.78975051398773,-71.25922848370762,-59.97593900912253
243,1.628007049979e+18,0.01776841763732898,-2.9929769638467194,-0.1780906592762181,-64.00342245631165,-59.0,-67.0,-64.30843835705681,-71.4384975654582,-58.98858803499835
244,1.6280070503123333e+18,-0.13030076179562897,-3.0082814619255283,-0.19882128937273277,,-54.24402496388474,-69.0,-66.0,,-59.97593900912253
245,1.6280070506456668e+18,-0.13030076179562897,-3.0082814619255283,-0.19882128937273277,-64.0,-55.24709365562411,-66.0,-65.0,-65.0,-56.0
246,1.628007050979e+18,-0.2860521098179375,-3.0253250147047543,-0.2211747110479777,-69.3888983605905,-53.25988149974948,-61.0,-69.0,-66.0,-59.97593900912253
247,1.6280070513123333e+18,-0.43905097323948805,-3.0253965063177555,-0.24348268992772748,-63.63336204372919,-52.0,,-68.16041627598308,-61.46490104539005,-65.84075706384448
248,1.6280070516456668e+18,-0.43905097323948805,-3.0253965063177555,-0.24348268992772748,-63.0,-56.0,-52.37137961520602,-65.6404683399582,-69.29120350093281,-57.99658802831297
249,1.628007051979e+18,-0.5786490651127527,-3.026262262522066,-0.26113693241173525,-63.0,-54.67834375675554,-55.0,-67.0,-68.36194447912906,-57.94200867351528
250,1.6280070523123333e+18,-0.7241268192824204,-3.0375499933704133,-0.27978415452416755,-63.0,-53.55489532554688,-55.0,-68.0,-69.0,-56.840757063844485
251,1.6280070526456668e+18,-0.7241268192824204,-3.0375499933704133,-0.27978415452416755,-67.94136369863598,-50.744576200678786,-52.0,-64.25988149974948,-68.0,-58.875090735559425
252,1.628007052979e+18,-0.7457353649511774,-3.0286042227292618,-0.29225355987052176,-67.33493988674041,-51.596373105057566,-52.0,-62.547681372558976,-65.0,-61.596373105057566
253,1.6280070533123333e+18,-0.7202504780484408,-3.0607844918096556,-0.3008484099616467,-62.0,-53.495330536387506,-61.0,-63.98528966022042,-77.24595133227496,-72.81698947597886
254,1.6280070536456668e+18,-0.7202504780484408,-3.0607844918096556,-0.3008484099616467,-68.48304604390742,-57.840757063844485,-64.0,-67.0,-70.24402496388474,-62.875090735559425
255,1.628007053979e+18,-0.6840645666889165,-3.414525896268045,-0.303555303759852,-62.0,-51.99658802831298,-57.0,-62.0,-72.81698947597886,-61.94200867351529
256,1.6280070543123333e+18,-0.6522173696399155,-3.413791121705328,-0.2989854356824798,-62.7026461366988,-55.744576200678786,-59.0,-69.0,-73.67834375675554,-67.22020246011414
257,1.6280070546456668e+18,-0.6522173696399155,-3.413791121705328,-0.2989854356824798,-59.0,-53.875090735559425,-73.0,-66.00342245631165,-70.81698947597887,-62.744576200678786
258,1.628007054979e+18,-0.6366619243651109,-3.4250141745263813,-0.2959589885765999,-62.13594507829853,-52.00812387340719,-65.0,-65.50140552444701,-70.49533053638751,-68.24595133227496
259,1.6280070553123333e+18,-0.6956127127801698,-3.4669983429466655,-0.2727732754513046,-59.0,-53.00812387340719,-63.0,-60.0,-69.59637310505757,-64.37137961520602
260,1.6280070556456668e+18,-0.6956127127801698,-3.4669983429466655,-0.2727732754513046,-64.38161710346992,-53.875090735559425,-63.0,-72.55489532554688,-74.88587392869641,-64.22020246011415
261,1.628007055979e+18,-0.6829976781191847,-4.004033946984081,-0.2665980032997565,-58.0,-51.96708621881339,-56.0,-71.81698947597886,-78.4953305363875,-65.88587392869641
262,1.6280070563123333e+18,-0.6695166002992322,-4.01208118381647,-0.2562813475361504,-61.22020246011415,-55.03707201955286,-55.0,-61.37137961520602,-71.03707201955287,-64.0
263,1.6280070566456668e+18,-0.6695166002992322,-4.01208118381647,-0.2562813475361504,-59.840757063844485,-53.744576200678786,-72.0,-62.37137961520602,-67.98858803499837,-63.88587392869641
264,1.628007056979e+18,-0.6604180549587506,-4.04686808258596,-0.24331644958134077,-58.84075706384448,-50.79791593749726,-58.0,-68.22020246011414,-70.84075706384448,-64.47128104620114
265,1.6280070573123333e+18,-0.6994123526759823,-4.099319669854822,-0.17481327122213217,,-51.74457620067879,,-61.596373105057566,-78.37455119080423,
266,1.6280070576456668e+18,-0.6994123526759823,-4.099319669854822,-0.17481327122213217,-59.94200867351529,-50.744576200678786,-63.0,-63.0,-82.0,-64.81698947597886
267,1.628007057979e+18,-0.7249548212929661,-4.317384589393465,-0.13197375064385583,-57.579752556126905,-51.96016958846595,-60.41957985039644,-62.96016958846596,-78.93770090472083,-67.03707201955285
268,1.6280070583123333e+18,-0.7249548212929661,-4.317384589393465,-0.13197375064385583,-54.0,-60.318630171393735,,-66.47473336094575,-81.83647644938695,-67.44525576512245
269,1.6280070586456668e+18,-0.7134174967833993,-4.635784923345296,-0.13153297067217515,-58.296252560691016,-57.0,-70.03707201955285,-66.0,-84.0,-64.7445762006788
270,1.628007058979e+18,-0.7134174967833993,-4.635784923345296,-0.13153297067217515,-52.0,-56.6404683399582,-58.744576200678786,-65.0,-74.99666022302262,-64.55489532554688
271,1.6280070593123333e+18,-0.6980875944785422,-4.727942899771836,-0.12791271339278165,-57.96016958846596,-60.0,-57.495330536387506,-67.89319193553365,-88.0,-67.0
272,1.6280070596456668e+18,-0.6980875944785422,-4.727942899771836,-0.12791271339278165,-58.84427923485483,-55.57007447761685,-61.797915937497265,-72.00342245631165,-89.0,-62.81698947597886
273,1.628007059979e+18,-0.681715457368726,-4.753713368422523,-0.12228224054354259,-54.0,-56.57007447761685,-60.37137961520601,-70.15539190686466,-75.14555418194013,-65.47128104620114
274,1.6280070603123333e+18,-0.681715457368726,-4.753713368422523,-0.12228224054354259,-59.0,-55.0,-56.596373105057566,-67.0,-79.0,-65.49533053638751
275,1.6280070606456668e+18,-0.6529838604280984,-4.80053447126348,0.0292847348224179,-54.25509021561421,-56.0,-60.37137961520601,-70.0,-75.14555418194013,-64.59637310505757
276,1.628007060979e+18,-0.6228117203256964,-4.803659281114012,0.18899372372452808,-57.220202460114145,-56.0,-58.11505791726936,-67.0,-74.53281229296874,-64.81698947597886
277,1.6280070613123333e+18,-0.6228117203256964,-4.803659281114012,0.18899372372452808,,-53.86459584399114,-65.0,-68.0,-74.0,-61.0
278,1.6280070616456668e+18,-0.5935452156238953,-4.8146411160158875,0.3531368959943876,-64.0,-55.48304604390743,-67.92358370267847,-71.14555418194013,-85.0,-62.90255770152024
279,1.628007061979e+18,-0.5815238509551726,-4.804710171507675,0.4029235686209357,-59.4561681687102,-55.98528966022042,-68.0,-63.12339991261589,-76.0,-56.0
280,1.6280070623123333e+18,-0.5815238509551726,-4.804710171507675,0.4029235686209357,-58.49800363783733,-56.0,-67.16241031110505,-68.37818792907599,-69.54205090036712,-55.84075706384448
281,1.6280070626456668e+18,-0.5791307957758955,-4.7939397549162654,0.39340901712025583,-53.0,-56.0,-67.0,-64.0,-83.75575955874767,-61.06709773026257
282,1.628007062979e+18,-0.574982543263521,-4.788793980136968,0.39170542041047735,-67.0,-52.0,-66.0,-62.0,-69.774277992514,-54.875090735559425
283,1.6280070633123333e+18,-0.574982543263521,-4.788793980136968,0.39170542041047735,-58.47708519685244,-45.37137961520601,-66.81698947597886,-66.0,-75.0,-54.902557701520244
284,1.6280070636456668e+18,-0.5723027482205035,-4.901760472695721,0.39314476265218146,-65.0,-53.6427989476056,-70.79791593749727,-62.24402496388474,-80.0,-54.92449996433946
285,1.628007063979e+18,-0.5548390308409206,-5.5762455661317745,0.40321438547056887,-60.19254190492207,-53.772332185826734,-67.24595133227496,-60.0,-69.20751468003442,-54.875090735559425
286,1.6280070643123333e+18,-0.5548390308409206,-5.5762455661317745,0.40321438547056887,-64.176671466322,-54.47128104620114,-66.0440704582149,-63.48304604390742,-70.0,-55.22077514968085
287,1.6280070646456668e+18,-0.5339362125191631,-5.834864829617311,0.3972806080920001,-59.47128104620114,-52.0,-66.88587392869641,-62.829618197778856,-69.22020246011415,-54.875090735559425
288,1.628007064979e+18,-0.525727595424969,-5.879657941139817,0.3722063837713304,-58.42997763405458,-51.816989475978865,-67.24595133227496,-62.59835327512589,-65.24595133227496,-48.79791593749726
289,1.6280070653123333e+18,-0.525727595424969,-5.879657941139817,0.3722063837713304,-53.0,-53.03707201955285,-68.37137961520601,-61.0,-66.47128104620114,-55.54768137255898
290,1.6280070656456668e+18,-0.5190828907321848,-6.206107064265319,0.35124163077660187,-58.43849756545821,-51.816989475978865,-69.03707201955287,-62.60478741182423,-66.47128104620114,-52.0
291,1.628007065979e+18,-0.5032868996489531,-6.205427682960467,0.32173915202561565,-53.0,-52.81698947597886,-65.37137961520601,-57.0,-67.24595133227496,-58.03707201955285
292,1.6280070663123333e+18,-0.5032868996489531,-6.205427682960467,0.32173915202561565,-58.79791593749726,-50.55489532554688,-64.37137961520602,-59.03707201955286,-65.24595133227496,-55.220202460114145
293,1.6280070666456668e+18,-0.4624795113633716,-6.210269339919904,0.2945617715676087,-58.59637310505755,-51.22020246011415,-68.81698947597886,-58.03707201955285,-66.88587392869641,-54.59637310505756
294,1.628007066979e+18,-0.4624795113633716,-6.210269339919904,0.2945617715676087,-59.130881657557886,-50.87482131234771,-70.0,-58.29513326455404,-66.02920518822815,-58.03707201955285
295,1.6280070673123333e+18,-0.30126003979969296,-6.174331805538972,0.2879779853664678,-59.41913845826838,-50.55489532554688,-65.81698947597887,-59.55489532554687,-69.0,-56.37137961520602
296,1.6280070676456668e+18,-0.16669274824986052,-6.126196032335438,0.30051095932524174,-57.044070458214904,-50.55489532554688,-64.80680276724374,-57.59637310505756,-65.52724374661271,-58.03707201955285
297,1.628007067979e+18,-0.16669274824986052,-6.126196032335438,0.30051095932524174,-56.30542416645643,-50.24595133227496,-64.55489532554688,-58.68427091407203,-62.0,-59.03707201955286
298,1.6280070683123333e+18,-0.03786298436601005,-6.071242263376376,0.3284472182683891,-52.0,-49.87714014732245,-61.46490104539005,-66.0,-65.94952108888775,-53.875090735559425
299,1.6280070686456668e+18,0.08800858985496628,-6.044217658449404,0.3590602726266282,-55.0,-46.0,-56.0,-58.0,-66.0,-52.67834375675554
300,1.628007068979e+18,0.08800858985496628,-6.044217658449404,0.3590602726266282,-50.0,-50.52724374661271,-58.495330536387506,-70.0,-70.46405268421363,-56.596373105057566
301,1.6280070693123333e+18,0.21140980498327425,-6.043983579817603,0.387685174725423,-58.11505791726936,,-60.88587392869641,-62.71165930878365,-66.0,-55.005959181846634
302,1.6280070696456668e+18,0.21403002221598635,-6.083283434151976,0.37528580487511193,-56.192541904922074,-51.0,-57.88587392869641,-65.43025578968133,-71.15539190686465,-53.875090735559425
303,1.628007069979e+18,0.21403002221598635,-6.083283434151976,0.37528580487511193,-55.70528056034544,-47.12339991261588,-61.0676541512587,-64.3893116162411,-68.73644122877971,-51.97593900912253
304,1.6280070703123333e+18,0.214954854229792,-6.099052337490802,0.3702035318027075,-58.05448044746933,-48.12123479737585,-61.797915937497265,,-67.0,-58.875090735559425
305,1.6280070706456668e+18,0.22957281595580692,-5.7328644087071945,0.3804102851438663,-53.0,-44.0,-60.84075706384448,-57.44849240152669,-64.98896257656085,-54.006515898642036
306,1.628007070979e+18,0.22957281595580692,-5.7328644087071945,0.3804102851438663,-53.0,-47.0,-74.0,-63.8193686566678,-65.48304604390742,-53.99304470635188
307,1.6280070713123333e+18,0.22654696254790152,-5.730491125659665,0.3840512520934399,-55.0,-49.48304604390742,-59.58040936583767,-60.0,-64.0,-53.97593900912252
308,1.6280070716456668e+18,0.22475259946087245,-5.721496728522037,0.3841476625404389,-58.442165116063975,-47.570074477616856,-56.0,-58.0,-62.0,-54.00685160232956
309,1.628007071979e+18,0.22475259946087245,-5.721496728522037,0.3841476625404389,-57.68427091407204,-48.88587392869641,-56.308438357056815,-58.0,-64.0,-54.004835951711236
310,1.6280070723123333e+18,0.1856524278168341,-5.72742149617126,0.36178179527214177,-57.575425239949254,-46.47128104620114,-55.0,-58.0,-65.24709365562411,-53.999404650640194
311,1.6280070726456668e+18,0.07908306275746542,-5.764249703796435,0.3000192440344523,-54.0,-49.0,-56.6404683399582,-63.22763095213668,-65.48304604390742,-53.99658802831297
312,1.628007072979e+18,0.07908306275746542,-5.764249703796435,0.3000192440344523,-58.63336204372918,-48.108705750369076,-61.49533053638751,-61.130470875605134,-66.78293766150712,-53.98858803499835
313,1.6280070733123333e+18,-0.06512851491035507,-5.797907088202591,0.22417997506925336,-53.0,-45.0,,,,-52.00164327581188
314,1.6280070736456668e+18,-0.19979139141080762,-5.807505737056477,0.15620143017848015,-56.876222431152016,-50.03707201955286,-53.75575955874767,-59.0,-65.24595133227496,-54.00164327581187
315,1.628007073979e+18,-0.19979139141080762,-5.807505737056477,0.15620143017848015,-54.0,-50.67834375675553,-70.0,-53.0,-64.49533053638751,-48.003422301696624
316,1.6280070743123333e+18,-0.32491186491482016,-5.803725451455828,0.08972480414035067,,-48.0,-49.003422301696624,-64.0,-68.73644122877971,-46.955966814439364
317,1.6280070746456668e+18,-0.44170858213120817,-5.783675276057509,0.018177934638939595,-57.621310313498135,-48.47128104620114,-54.55489532554687,-60.92358370267847,-66.0,-48.0
318,1.628007074979e+18,-0.44170858213120817,-5.783675276057509,0.018177934638939595,-53.0,-50.421043081029225,-56.55489532554688,-63.870349002700024,,-59.45109383341904
319,1.6280070753123333e+18,-0.49566899578673523,-5.770959186486846,-0.03054147560310348,-56.43523485168322,-50.47128104620114,-55.37137961520601,-62.0,,-52.90255770152024
320,1.6280070756456668e+18,-0.49566899578673523,-5.770959186486846,-0.03054147560310348,-54.303192312237684,-47.220202460114145,-56.3478587560386,-63.0,,-60.744576200678786
321,1.628007075979e+18,-0.49484190423797125,-5.7585683027935355,-0.04448224878732607,-55.0,-49.245951332274956,-58.744576200678786,-61.47128104620114,-73.24595133227496,-60.220202460114145
322,1.6280070763123333e+18,-0.5163014991304764,-5.755437726752198,-0.06449257719962656,-57.25922848370761,-51.47128104620114,-57.81698947597886,-61.47128104620114,-65.81698947597887,-56.49533053638751
323,1.6280070766456668e+18,-0.5163014991304764,-5.755437726752198,-0.06449257719962656,-53.0,-48.24595133227496,-59.0,-60.24595133227496,-64.49533053638751,-60.220202460114145
324,1.628007076979e+18,-0.5067059489709917,-5.756481450885589,-0.06528994770861497,-53.924499964339454,-50.47128104620114,-58.37137961520601,-60.88587392869641,-60.84075706384448,-56.596373105057566
325,1.6280070773123333e+18,-0.5010298854391468,-5.450157679630855,-0.06506706832232842,-58.924499964339454,-51.88587392869641,-59.0,-62.88587392869641,-66.55489532554688,-61.037072019552866
326,1.6280070776456668e+18,-0.5010298854391468,-5.450157679630855,-0.06506706832232842,-55.90255770152024,-49.245951332274956,-58.67834375675553,-60.03707201955286,-66.17667146632202,-55.744576200678786
327,1.628007077979e+18,-0.49273769218249547,-5.40234818741182,-0.05801318884873026,-59.954529345473716,-51.88587392869641,-61.3555881720503,-61.88587392869641,-66.0,-56.67834375675554
328,1.6280070783123333e+18,-0.4928738957742944,-5.144815298886377,-0.05782149573621355,-56.0,-49.88587392869641,-58.495330536387506,-61.280013442826856,-75.0,-56.87509073555943
329,1.6280070786456668e+18,-0.4928738957742944,-5.144815298886377,-0.05782149573621355,-57.63682153446966,-50.983495155724576,-60.88587392869641,-62.525920234786355,-68.95432709010856,-58.59776527376829
330,1.628007078979e+18,-0.49926907900808737,-4.998299208651621,-0.05267090298379977,-61.735856969655046,-52.0,-61.840757063844485,-73.0,-67.0,-57.797915937497265
331,1.6280070793123333e+18,-0.5052376454155892,-4.895129347265703,-0.04769869523760846,-60.70650132608385,-50.308438357056815,-58.90255770152024,-66.78975051398773,-70.6404683399582,-58.90255770152024
332,1.6280070796456668e+18,-0.5052376454155892,-4.895129347265703,-0.04769869523760846,-57.0,-52.0,-63.22020246011414,-65.77427799251402,-68.0,-56.92449996433946
333,1.628007079979e+18,-0.5137774250130935,-4.718848740390433,-0.037406809990167364,-59.0,-53.0,-66.87509073555943,-67.48304604390742,-70.22645033799739,-56.94200867351529
334,1.6280070803123333e+18,-0.5137774250130935,-4.718848740390433,-0.037406809990167364,-57.0,-51.308438357056815,-64.67834375675554,-67.0,-69.0,-56.94200867351529
335,1.6280070806456668e+18,-0.5212329007717622,-4.73725180768302,-0.03531379461957008,-61.703337687940376,-50.57007447761685,-63.67834375675553,-70.0,-70.48304604390742,-57.95596681443936
336,1.628007080979e+18,-0.5212329007717622,-4.73725180768302,-0.03531379461957008,-59.0,-51.640468339958204,-67.79791593749727,-68.0,-70.75575955874767,-57.95596681443936
337,1.6280070816456668e+18,-0.5315258215030308,-4.712190358153651,-0.012583700025760966,-62.69543675663969,-51.0,-64.26685328107057,-67.92358370267847,-69.0,-57.96708621881339
338,1.628007081979e+18,-0.543081353833369,-4.707579173048636,0.12104502737668209,-60.0,-51.0,-67.64200801238165,-67.0,-68.0,-57.924499964339454
339,1.6280070823123333e+18,-0.5521358146506123,-4.715267651405816,0.28942318092831726,-62.8278826022117,-53.47128104620114,-62.0,-67.72759957154628,-70.43025578968133,-57.924499964339454
340,1.6280070826456668e+18,-0.5521358146506123,-4.715267651405816,0.28942318092831726,-64.54239525820543,-51.67363205192287,-62.49800363783733,-68.48304604390742,-69.67363205192287,-57.95596681443936
341,1.628007082979e+18,-0.5600595036391081,-4.710989386988075,0.3637781155815027,-63.70611938978601,-54.0,-59.0,-59.03913295474065,-72.68427091407203,-53.97593900912252
342,1.6280070833123333e+18,-0.5600595036391081,-4.710989386988075,0.3637781155815027,-63.0,-49.81698947597886,-61.67834375675554,-61.404067069048445,,
343,1.6280070836456668e+18,-0.5678105610346512,-4.840878741965025,0.3604159961255862,-67.28196658093697,-51.037072019552866,-57.744576200678786,-56.0,-71.0,-59.840757063844485
344,1.628007083979e+18,-0.555225481946794,-5.502023209439371,0.3666248415527525,-63.0,-52.47128104620114,-57.495330536387506,-52.0,-67.81698947597886,
345,1.6280070843123333e+18,-0.555225481946794,-5.502023209439371,0.3666248415527525,-63.62544159284497,-51.037072019552866,-58.90255770152024,-54.0,-65.77427799251402,
346,1.6280070846456668e+18,-0.5385538824306519,-6.081600884510584,0.3545396554594304,-60.0,-53.88587392869641,-57.988588034998365,-60.25380999473995,-70.0,
347,1.628007084979e+18,-0.5215927069044927,-6.092209012993618,0.32322906808176993,-63.33935211111872,-55.03707201955286,-57.97593900912253,-56.60127485501704,-74.47128104620114,
348,1.6280070853123333e+18,-0.5215927069044927,-6.092209012993618,0.32322906808176993,-61.0,-53.47128104620114,-57.97593900912253,-52.0,-75.22020246011414,-63.0
349,1.6280070856456668e+18,-0.5265817323163128,-6.70914421664284,0.2973570931338007,-62.25509021561421,-53.816989475978865,-57.99304470635189,-55.55833638938891,-75.47128104620114,
350,1.628007085979e+18,-0.5371857496364697,-7.363877568298373,0.2655386320372207,-60.0,-55.220202460114145,-57.840757063844485,-52.0,-76.49533053638751,-51.92449996433946
351,1.6280070863123333e+18,-0.5371857496364697,-7.363877568298373,0.2655386320372207,-62.77271720661392,,-59.220202460114145,-53.0,-75.88587392869641,-63.0
352,1.6280070866456668e+18,-0.5259563389572843,-7.398822104350544,0.22621535230295708,-62.47128104620114,-53.816989475978865,-57.96708621881339,-58.79791593749726,-72.67834375675554,-51.87509073555943
353,1.628007086979e+18,-0.5206804070360118,-7.355828337414774,0.17620118213725103,-62.88587392869641,-53.0,-59.81698947597886,-57.999404650640194,-81.03707201955287,-54.875090735559425
354,1.6280070873123333e+18,-0.5206804070360118,-7.355828337414774,0.17620118213725103,-62.570074477616856,-53.88587392869641,-59.81698947597886,-57.988588034998365,-80.24595133227496,-53.90255770152024
355,1.6280070876456668e+18,-0.516767239758617,-7.201124251713816,0.13344432506657466,-62.0,-53.47128104620114,-59.81698947597886,-57.99304470635189,-80.81698947597887,-54.875090735559425
356,1.628007087979e+18,-0.5163841195858008,-7.192797343325775,0.10635199582780332,-59.98528966022042,-52.88587392869641,-59.81698947597886,-58.00164327581187,-75.44216511606398,-53.77778506003332
357,1.6280070883123333e+18,-0.5163841195858008,-7.192797343325775,0.10635199582780332,-63.55489532554688,-52.88587392869641,-60.37137961520601,-58.99304470635188,-73.42971350721564,-54.579752556126905
358,1.6280070886456668e+18,-0.5190659698129297,-7.185003529367911,0.09100554493414434,-62.81698947597886,-52.94256209240228,-59.81698947597886,-58.43307889658699,-80.0,-58.0
359,1.628007088979e+18,-0.5190659698129297,-7.185003529367911,0.09100554493414434,-64.0,-53.48304604390742,-60.37137961520601,-62.74310513997644,-73.42971350721564,-59.59637310505756
360,1.6280070893123333e+18,-0.44576673312841797,-7.140373282760406,0.00485291875535244,-55.25988149974949,-54.0,-60.220202460114145,-58.0,-81.0,-60.88668852088807
361,1.6280070896456668e+18,-0.35842250577294504,-7.111862783590152,-0.09444357248405215,-60.17667146632202,-55.527243746612726,-59.81698947597886,-61.0,-75.08412542943876,-57.0
362,1.628007089979e+18,-0.35842250577294504,-7.111862783590152,-0.09444357248405215,-58.96661158258865,-56.0,-56.37137961520602,-62.73349639254499,-72.0,-57.0
363,1.6280070903123333e+18,-0.2825432023302615,-7.1108851004433316,-0.18850343273705736,,-53.640468339958204,-60.67834375675553,-69.20288518614471,-74.0,-70.37137961520601
364,1.6280070906456668e+18,-0.20407836135165966,-7.11981811536764,-0.2915138928714222,-57.83931857139004,-54.0,-57.630061833992954,-64.0,-76.67432600028066,-64.03180682796167
365,1.628007090979e+18,-0.20407836135165966,-7.11981811536764,-0.2915138928714222,-66.0,-54.0,-61.47128104620114,-74.46490104539006,-71.0,-59.94200867351529
366,1.6280070913123333e+18,-0.1509712071048276,-7.107990410544164,-0.3697290804705083,-63.0,-59.308438357056815,-63.24595133227496,-71.0,-79.36194447912908,-62.220202460114145
367,1.6280070916456668e+18,-0.1627418166468925,-7.1382265078973575,-0.38055317699743485,-67.46490104539005,-54.69825398875229,-66.03707201955287,-64.0,-74.11255084254887,-64.37137961520602
368,1.628007091979e+18,-0.1627418166468925,-7.1382265078973575,-0.38055317699743485,-63.87714014732246,-62.323866000057315,-63.05813063462401,-76.0,-71.6982539887523,-63.495330536387506
369,1.6280070923123333e+18,-0.15333798382109678,-6.877137521482442,-0.3928067008056616,-60.0,-63.0,-73.0,-72.15539190686466,-72.0,-65.55489532554688
370,1.6280070926456668e+18,-0.15040553073740162,-6.654137862020194,-0.38973525953874,-65.56010252743776,-62.0,-66.49377227649505,-76.0,-69.0,-69.67834375675554
371,1.628007092979e+18,-0.15040553073740162,-6.654137862020194,-0.38973525953874,-62.0,-61.226450337997385,-60.0,-75.00342245631165,-72.0,-61.993044706351895
372,1.6280070933123333e+18,-0.15587125016904946,-6.642576379215921,-0.3796892030300419,-67.93577255041286,-60.227630952136685,-62.495330536387506,-78.0440704582149,-72.57097796191238,-67.59637310505755
373,1.6280070936456668e+18,-0.1564979393665312,-6.204462466591042,-0.3612124693439858,-63.67834375675553,-59.0,-76.24595133227496,-70.0,-71.17667146632202,-65.81698947597887
374,1.628007093979e+18,-0.1564979393665312,-6.204462466591042,-0.3612124693439858,-71.0,-60.308438357056815,-65.79791593749727,-67.65712408046483,-75.76068658346165,-65.17414755154914
375,1.6280070943123333e+18,-0.16365998655271785,-6.185848758841672,-0.33880427654465484,-62.54205090036712,-60.0,-68.81698947597886,-65.0,-75.0,-61.49533053638751
376,1.6280070946456668e+18,-0.16037306621957972,-6.160137213073401,-0.32281269373918337,-59.01578371986945,-61.75575955874767,-65.17666064966919,-71.4824195027312,-77.0,-61.9994046506402
377,1.628007094979e+18,-0.16037306621957972,-6.160137213073401,-0.32281269373918337,-67.0,-59.88587392869641,-64.81698947597886,-73.0,-65.79791593749727,-61.49533053638751
378,1.6280070953123333e+18,-0.09638453857748135,-6.118493897931647,-0.3033153251341125,-62.247093655624106,-58.88587392869641,-60.964925324418104,-66.4957994653252,-63.875090735559425,-61.37137961520602
379,1.6280070956456668e+18,0.034103204635525255,-6.074516563705122,-0.2662969551707492,-67.0,-59.47128104620114,-64.81698947597886,-73.0,-64.90255770152024,-62.37137961520602
380,1.628007095979e+18,0.034103204635525255,-6.074516563705122,-0.2662969551707492,-61.49533053638751,-62.245951332274956,-65.24595133227496,-65.38834888915399,-68.88587392869641,-57.0
381,1.6280070963123333e+18,0.034227889713385286,-6.093691024997315,-0.2650875469194709,-60.16241031110505,-60.280013442826856,-54.88587392869641,-74.0,-65.84075706384448,-62.59637310505756
382,1.6280070966456668e+18,0.037545530630276595,-6.06882314723545,-0.2645188734565832,-63.03707201955285,-61.0,-65.0,-71.88587392869641,-67.0,-64.92358370267848
383,1.628007096979e+18,0.037545530630276595,-6.06882314723545,-0.2645188734565832,-60.357154974897554,-59.47128104620114,-57.245951332274956,-63.495330536387506,-70.81698947597887,-58.37137961520601
384,1.6280070973123333e+18,0.0407642835516036,-5.460585169119655,-0.23564248928174492,-59.47128104620114,-57.81938068724722,-54.0,-65.47226176021181,-68.17992016690792,-59.37137961520602
385,1.6280070976456668e+18,0.0407642835516036,-5.460585169119655,-0.23564248928174492,-58.0,-58.22020246011414,-55.23424023109445,-64.22020246011415,-68.24595133227496,-59.90856659356876
386,1.628007097979e+18,0.03473949711787786,-5.424712233026572,-0.21172216410471448,-64.47128104620114,-57.59637310505756,-55.47128104620114,-64.6133923280817,-67.0,-57.37137961520602
387,1.6280070983123333e+18,0.03499687790644635,-5.367814697049704,-0.18589214906335805,-62.570074477616856,-61.816989475978865,-52.88587392869641,-73.0,-64.02467948506366,-57.37137961520602
388,1.6280070986456668e+18,0.03499687790644635,-5.367814697049704,-0.18589214906335805,-65.47128104620114,-65.24595133227496,-54.0,-72.24595133227496,-64.0,-57.37137961520602
389,1.628007098979e+18,0.02835407328215988,-4.949959362959403,-0.1479168552343563,-64.0,-58.32386600005731,-55.47128104620114,-64.0,-63.22763095213668,-48.924499964339454
390,1.6280070993123333e+18,0.016584176127936733,-4.8828283909106505,-0.10950738152996142,,-67.0,-54.47128104620114,-62.52724374661271,-64.0,-51.840757063844485
391,1.6280070996456668e+18,0.016584176127936733,-4.8828283909106505,-0.10950738152996142,-62.570074477616856,-58.86423794540882,-55.0,-63.94505963195129,-63.640468339958204,-52.797915937497265
392,1.628007099979e+18,0.007781198017202378,-4.837893724928908,-0.07059010880691872,-63.0,-59.18989929338117,-54.47128104620114,-61.407307683262964,-63.0,-52.797915937497265
393,1.6280071003123333e+18,0.01125328302364223,-4.817745628403168,0.04903842390618996,-63.92358370267847,-56.32386600005731,-56.47128104620114,-63.663181874397345,-63.357154974897554,-52.797915937497265
394,1.6280071006456668e+18,0.01125328302364223,-4.817745628403168,0.04903842390618996,-63.217616030928234,-69.0,-55.72759957154628,-62.0,-62.308438357056815,-53.744576200678786
395,1.628007100979e+18,0.02524693403077321,-4.830307253739416,0.19108218355471768,-55.614955339214625,-54.227630952136685,-55.47128104620114,-61.68958437300583,-65.73644122877971,-53.744576200678786
396,1.6280071013123333e+18,0.021378387999371116,-4.86339063479225,0.1918635128268,-65.6982539887523,-56.0,-54.88587392869641,-55.0,-80.0,-60.97593900912252
397,1.6280071016456668e+18,0.021378387999371116,-4.86339063479225,0.1918635128268,-54.0,-66.0,-59.0,-65.0,-62.0,-54.95596681443936
398,1.628007101979e+18,0.017078434529838274,-4.892440359436435,0.17602768207742164,-52.0,-53.57007447761685,-57.75847914203474,-62.07582009532061,-80.0,-52.98298391329042
399,1.6280071023123333e+18,0.019499830533120634,-5.12567087970659,0.16264021663232045,-51.0,,-59.0,-59.702646136698796,-65.24709365562411,-54.95596681443936
400,1.6280071026456668e+18,0.019499830533120634,-5.12567087970659,0.16264021663232045,-54.58332562162675,-55.0,-54.227630952136685,-59.0,-66.42971350721564,-49.0
401,1.628007102979e+18,0.019166349343925727,-5.127687079863566,0.15633231956733262,-54.498003637837314,-52.47128104620114,-61.0,-59.0,-65.86459584399114,-48.999404650640194
402,1.6280071033123333e+18,0.02360495714502785,-5.283550178915474,0.15284122411003828,-52.0,-51.88587392869641,-53.48304604390742,-57.0,-72.0,-48.999404650640194
403,1.6280071036456668e+18,0.02360495714502785,-5.283550178915474,0.15284122411003828,-56.35634832584854,-52.88587392869641,-53.0,-62.575425239949254,-82.0,-51.00756060782484
404,1.628007103979e+18,0.02360495714502785,-5.283550178915474,0.15284122411003828,-53.0,-51.88587392869641,-53.24595133227496,-59.77271720661391,-66.0440704582149,-53.97593900912252
405,1.6280071043123333e+18,0.036337204830121296,-5.326608059491376,0.16232784551815826,-56.192541904922074,-51.88587392869641,-52.88587392869641,-59.0,-66.59637310505757,-53.98298391329042
406,1.6280071046456668e+18,0.036337204830121296,-5.326608059491376,0.16232784551815826,-52.0,-51.47128104620114,-53.24595133227496,-58.886688520888065,-71.0,-49.00164327581187
407,1.628007104979e+18,0.040449472896766564,-5.3252331019616825,0.15937661141964687,-56.13088165755788,-51.88587392869641,-52.88587392869641,-56.0,-65.47128104620114,-48.00164327581187
408,1.6280071053123333e+18,0.12317451504595868,-5.288068972352998,0.2808853586674064,-52.0,-51.88587392869641,-52.88587392869641,-57.192541904922074,-73.0,-51.98858803499837
409,1.6280071056456668e+18,0.12317451504595868,-5.288068972352998,0.2808853586674064,-56.13088165755788,-51.88587392869641,-52.88587392869641,-55.0,-65.47128104620114,-52.99304470635188
410,1.628007105979e+18,0.21586055417828676,-5.263582220813028,0.43249178488899426,-55.3730493795858,-51.88587392869641,-57.960815018831795,-58.7026461366988,-67.47128104620114,-53.99304470635188
411,1.6280071063123333e+18,0.21586055417828676,-5.263582220813028,0.43249178488899426,-58.66321761628445,-48.343927555600025,-53.47128104620114,-61.606951649151334,-65.47128104620114,-52.98298391329042
412,1.6280071066456668e+18,0.25942514171702963,-5.216837932185203,0.521957410759699,-52.0,-48.24595133227496,-54.47128104620114,-71.0,-66.21761603092823,-49.55744746805401
413,1.628007106979e+18,0.2566655297356626,-5.014900791482548,0.5297119290792545,-55.90255770152024,-48.3976767400009,-54.03707201955286,-61.357603177655434,-67.84136636873859,-54.95596681443936
414,1.6280071073123333e+18,0.2566655297356626,-5.014900791482548,0.5297119290792545,-57.797915937497265,-48.47128104620114,-58.03707201955285,-63.59637310505755,-71.79791593749727,-53.99399297531322
415,1.6280071076456668e+18,0.25528164612478554,-4.850073294302699,0.5251851579921708,-55.24709365562411,-51.55489532554688,-54.31823377329938,-58.97593900912252,-74.49533053638751,-54.94200867351529
416,1.628007107979e+18,0.25528164612478554,-4.850073294302699,0.5251851579921708,-56.797915937497265,-49.88587392869641,-55.816989475978865,-60.220202460114145,-68.03707201955285,-51.982983913290425
417,1.6280071083123333e+18,0.25528164612478554,-4.850073294302699,0.5251851579921708,-63.575425239949254,-49.220202460114145,-63.816989475978865,-58.67834375675553,-67.12339991261588,-57.99304470635189
418,1.6280071086456668e+18,0.2466048773193577,-4.831971768827379,0.5107528864140988,-53.90255770152024,-48.816989475978865,-66.03707201955287,-56.797915937497265,-68.0,-58.00685160232956
419,1.628007108979e+18,0.24524337626789808,-4.811286453533134,0.5562055180047861,-62.37137961520602,-48.816989475978865,-56.816989475978865,-66.0,-68.18416736282649,-55.00685160232956
420,1.6280071093123333e+18,0.24524337626789808,-4.811286453533134,0.5562055180047861,,-49.227630952136685,-47.840757063844485,-64.59822698081953,-66.0,-57.999404650640194
421,1.6280071096456668e+18,0.25257870680461797,-4.783487210137106,0.7290926418045144,-60.86459584399115,-47.0,-64.03707201955287,-60.2550902156142,-67.59176359769359,-55.00812387340719
422,1.628007109979e+18,0.24802763498668967,-4.741973341733294,0.8751974356325005,-63.442165116063975,-48.0,-57.99304470635189,-65.49580232134625,-66.0,-57.00685160232957
423,1.6280071103123333e+18,0.24802763498668967,-4.741973341733294,0.8751974356325005,-62.77271720661392,-54.48304604390742,-61.0,-72.0,-69.94136369863598,-55.90255770152024
424,1.6280071106456668e+18,0.23746586010724308,-4.704712261306243,1.0655806959991139,-62.0,-49.73644122877971,-56.816989475978865,-67.0,-63.0,-59.92449996433946
425,1.628007110979e+18,0.2211853783363853,-4.693096679440494,1.2621651448944509,-60.0,-51.0,-55.495330536387506,-66.0,-65.0,-58.84075706384448
426,1.6280071113123333e+18,0.2211853783363853,-4.693096679440494,1.2621651448944509,-59.0,-49.0,-56.92449996433946,-56.14555418194013,-66.43025578968134,-71.88587392869641
427,1.6280071116456668e+18,0.20847638995664636,-4.69042742419444,1.4483300808082915,-65.27921603424349,-54.0,-53.744576200678786,-63.964925324418104,-65.36194447912906,-59.840757063844485
428,1.628007111979e+18,0.2024114470478632,-4.691432612657949,1.6181430485965693,-62.61046040301454,-45.48304604390743,-55.56125308386221,-63.0,-67.16241031110505,-60.288110139866085
429,1.6280071123123333e+18,0.2024114470478632,-4.691432612657949,1.6181430485965693,,-46.47128104620114,,-68.0,-67.0,
430,1.6280071126456668e+18,0.19917900547177295,-4.6972140153497275,1.7665950131335748,-63.84232443733252,-47.47128104620114,-58.0,-60.38161710346992,-65.0,-54.0
431,1.628007112979e+18,0.19761558882835684,-4.705601439059805,1.844082033887785,-63.0,-51.88587392869641,-56.08412542943876,-58.68958437300583,,-57.924499964339454
432,1.6280071133123333e+18,0.19761558882835684,-4.705601439059805,1.844082033887785,-69.13594507829853,-45.0,-69.0,-59.98528966022042,,-63.875090735559425
433,1.6280071136456668e+18,0.19918834029533591,-4.721562610536902,1.7963914273315251,-66.0,-47.55489532554687,-54.08210209107896,-61.0,,-55.94200867351528
434,1.628007113979e+18,0.2021262207608734,-4.728548999563707,1.7846056408524968,-67.68427091407203,-51.88587392869641,-69.0,-74.0,-63.0,-56.00920919521115
435,1.6280071143123333e+18,0.2021262207608734,-4.728548999563707,1.7846056408524968,-59.0,-53.0,-62.47128104620114,-62.0,-62.0,-52.98298391329042
436,1.6280071146456668e+18,0.20965847182113487,-4.73957858369435,1.9112843978103549,-64.3458257756401,-50.24595133227496,-61.55489532554688,-55.78975051398773,-63.24402496388473,-54.004835951711236
437,1.628007114979e+18,0.20965847182113487,-4.73957858369435,1.9112843978103549,-65.13088165755788,-51.67363205192287,-54.982983913290425,-57.66318187439735,-63.44026063356477,-63.59637310505755
438,1.6280071153123333e+18,0.21207784859639597,-4.731481118858131,2.0166848410592566,-63.0,-51.55489532554688,-62.28908846457649,-56.32386600005731,,
439,1.6280071156456668e+18,0.2117014652541272,-4.725157436422969,2.1181821901017663,-62.373838747721386,-51.55489532554688,-54.96708621881339,-60.0,-61.88587392869641,-54.993992975313226
440,1.628007115979e+18,0.2117014652541272,-4.725157436422969,2.1181821901017663,-61.0,-48.37137961520601,-62.797915937497265,-57.16241031110505,-75.37137961520601,-55.98298391329042
441,1.6280071163123333e+18,0.21585817036384097,-4.70707169295738,2.210704461955274,-64.37818792907599,-50.03707201955286,-60.67834375675553,-63.0,-67.81698947597886,
442,1.6280071166456668e+18,0.21882733253453257,-4.695088839461831,2.3094054412330896,-62.0,-52.55489532554687,-55.94200867351528,-58.73644122877971,-67.59637310505755,-58.744576200678786
443,1.628007116979e+18,0.21882733253453257,-4.695088839461831,2.3094054412330896,-66.0,-54.863827061900416,-63.24595133227496,-58.21867240706355,-66.36496718144284,-53.84075706384448
444,1.6280071173123333e+18,0.21624972068584689,-4.6804034963797285,2.4218322041908493,-65.0,-52.47128104620114,-60.59637310505756,-53.924499964339454,-68.03707201955285,-55.924499964339454
445,1.6280071176456668e+18,0.22021663326771299,-4.677391113163873,2.3885668767474844,-66.65111974063244,-55.88587392869641,-57.25687814994227,-57.90255770152024,-64.67834375675554,-55.41427777438011
446,1.628007117979e+18,0.22021663326771299,-4.677391113163873,2.3885668767474844,-67.22020246011414,-53.816989475978865,-61.22020246011415,-55.00483595171124,-70.03707201955285,-56.74457620067879
447,1.6280071183123333e+18,0.222315227571816,-4.563956219771135,2.348817738264393,-73.37137961520601,-57.37137961520602,-57.744576200678786,-57.00483595171124,-73.81698947597886,-61.037072019552866
448,1.6280071186456668e+18,0.22300524702290306,-4.392984697438295,2.3245540024545273,-61.22020246011415,-56.49533053638751,-60.744576200678786,-53.98298391329042,-73.79591482999945,-65.55489532554688
449,1.628007118979e+18,0.22300524702290306,-4.392984697438295,2.3245540024545273,-58.97059499307816,-57.03707201955286,-59.67834375675554,-58.23695355750885,-75.0,-57.94835774811348
450,1.6280071193123333e+18,0.2232670148665089,-4.377947775630369,2.3060758192988846,-60.25988149974949,-56.49533053638751,-58.495330536387506,-93.0,-70.13689020602004,-64.0
451,1.6280071196456668e+18,0.1658362562091079,-4.339233667422305,2.4437820925452587,-78.0,-58.59822698081953,-60.816989475978865,-56.99658802831298,-75.0,-66.43025578968134
452,1.628007119979e+18,0.1658362562091079,-4.339233667422305,2.4437820925452587,-59.00585330169883,-54.0,-57.71742075495328,-65.08210209107897,-70.9855568224597,-64.62352248514605
453,1.6280071203123333e+18,0.09876821033256718,-4.296572630962601,2.578667986303467,-75.0,-56.4957994653252,-61.49533053638751,-78.0,-70.22020246011414,
454,1.6280071206456668e+18,0.08214158522034619,-4.1632866904217956,2.599448423458471,-83.0,-55.88587392869641,-61.37137961520602,-64.98578507020193,-76.55489532554688,-63.68427091407203
455,1.628007120979e+18,0.08214158522034619,-4.1632866904217956,2.599448423458471,-68.0,-52.48304604390742,-56.22020246011415,-58.24402496388473,-72.0,-61.37137961520602
456,1.6280071213123333e+18,0.06849609138060703,-3.675262488876088,2.5934815174294332,-69.0,-49.0,-61.47128104620114,-58.93770090472083,-70.84945207960874,-61.37137961520602
457,1.6280071216456668e+18,0.053287231322675,-3.6251381670408547,2.569004451996288,-54.864237945408824,-50.0,-62.81698947597886,-61.0,-70.81698947597887,-56.596373105057566
458,1.628007121979e+18,0.053287231322675,-3.6251381670408547,2.569004451996288,-57.0,-49.0,-64.24595133227496,-60.0,-68.1233999126159,-63.816989475978865
459,1.6280071223123333e+18,0.025755125203563697,-3.568462988809015,2.5630828540929156,-59.547681372558976,-52.442165116063975,-60.816989475978865,-59.0,-70.0,-61.67834375675554
460,1.6280071226456668e+18,0.025755125203563697,-3.568462988809015,2.5630828540929156,-58.692195733229624,-52.8193686566678,-61.54768137255898,-57.36194447912907,-83.0,-61.49533053638751
461,1.628007122979e+18,-0.004390673640107091,-3.133679285385883,2.5667704358924004,-72.0,-51.70829263594896,-64.0,-62.0,-68.98896257656085,-64.37137961520602
462,1.6280071233123333e+18,-0.019504903578192113,-3.0564015187265037,2.544791883378034,-52.0,-51.0,-67.0,-57.570074477616856,-72.0,-61.49533053638751
463,1.6280071236456668e+18,-0.019504903578192113,-3.0564015187265037,2.544791883378034,-58.648868902645816,-49.0,-65.57007447761686,-58.55413689329866,-68.03707201955285,-63.83647644938694
464,1.628007123979e+18,-0.053293616730118835,-3.0173605888175072,2.5201375755824316,-54.0,-49.59176359769359,-67.0,-62.22645033799738,-69.6404683399582,-62.245951332274956
465,1.6280071243123333e+18,-0.21167318024255444,-3.009726454825308,2.4864018049339593,-62.84427923485484,-50.67834375675553,-66.0,-59.323866000057315,-69.47128104620114,-63.0
466,1.6280071246456668e+18,-0.21167318024255444,-3.009726454825308,2.4864018049339593,-54.0,-50.67834375675553,-66.0,-63.0,-72.0,-62.47128104620114
467,1.628007124979e+18,-0.3650025157410072,-3.0252292878139753,2.4566719547899534,-61.65712408046482,-47.54503138622435,-63.0,-59.0,-77.0,-62.03707201955286
468,1.6280071253123333e+18,-0.5283949275737899,-3.0417210858507966,2.433111510137247,-63.0,-60.0,-63.59637310505755,-62.98528966022041,-72.0,
469,1.6280071256456668e+18,-0.5283949275737899,-3.0417210858507966,2.433111510137247,-60.34792108990359,-46.003422301696624,-65.88587392869641,-64.0,-71.11255084254887,-64.60577922009921
470,1.628007125979e+18,-0.6809110622995994,-3.0493923706624178,2.413253597291654,-59.69825398875229,-54.06709773026257,-61.0,-63.87714014732246,-71.0,-60.495330536387506
471,1.6280071263123333e+18,-0.8310944243206992,-3.057079902275675,2.3998457760394403,-59.0,-51.840757063844485,-61.245951332274956,-64.92358370267848,,
472,1.6280071266456668e+18,-0.8310944243206992,-3.057079902275675,2.3998457760394403,-61.23175675869174,-50.67834375675553,-60.487533204058124,-64.0,-72.06765415125871,-62.145554181940135
473,1.628007126979e+18,-0.9272101233144765,-3.04757799021845,2.3868271070470186,-60.18119762316828,-50.924499964339454,-62.55489532554687,-62.640468339958204,-70.24595133227496,-61.37137961520602
474,1.6280071273123333e+18,-0.8895404591335565,-3.0360078277755562,2.3851418296485063,,-52.744576200678786,-66.55489532554688,-64.0,-70.81698947597887,
475,1.6280071276456668e+18,-0.8895404591335565,-3.0360078277755562,2.3851418296485063,-64.0,-47.97593900912253,-59.220202460114145,-63.84075706384448,-65.74457620067878,-60.87714014732246
476,1.628007127979e+18,-0.863235292178537,-3.1786385622162836,2.3825398263256856,-58.47128104620114,-50.744576200678786,-64.03707201955287,-60.55489532554688,-64.79791593749727,-63.08581733056659
477,1.6280071283123333e+18,-0.8316179457408166,-3.681773442106448,2.3855159262429364,-60.88587392869641,-47.875090735559425,-66.88587392869641,-59.37137961520602,-64.54205090036712,
478,1.6280071286456668e+18,-0.8316179457408166,-3.681773442106448,2.3855159262429364,-57.88587392869641,-47.875090735559425,-67.24595133227496,-59.37137961520602,-74.0,-62.55489532554687
479,1.628007128979e+18,-0.7996940753796554,-4.326725510623917,2.393849711119044,-62.53066729175784,-47.875090735559425,-60.55489532554688,-63.59637310505755,-63.47128104620114,-60.327332302112396
480,1.6280071293123333e+18,-0.7688745132613113,-4.467352221913564,2.4114543711803402,-58.0,-46.902557701520244,-65.25426711088514,-56.90946980524957,-64.0,
481,1.6280071296456668e+18,-0.7688745132613113,-4.467352221913564,2.4114543711803402,-62.245951332274956,-46.596373105057566,-67.0,-60.03707201955286,-64.30843835705681,-56.49533053638751
482,1.628007129979e+18,-0.7620477193171087,-4.499260248558703,2.5565026357751472,-61.16241031110505,-45.0,-60.37137961520601,-56.24402496388473,-59.0,-54.220202460114145
483,1.6280071303123333e+18,-0.7620477193171087,-4.499260248558703,2.5565026357751472,-61.98528966022042,-47.43025578968133,-59.37137961520602,-62.0,-63.226450337997385,
484,1.6280071306456668e+18,-0.7607843552492756,-4.514829198775792,2.6946055671844147,-60.0,-48.77271720661391,-61.22020246011415,-60.0,-62.0,-54.220202460114145
485,1.628007130979e+18,-0.7830543089512099,-4.51807291950425,2.8636360978952635,-59.0,-53.84945207960874,-62.245951332274956,-64.0,-62.840757063844485,-58.04857451834592
486,1.6280071313123333e+18,-0.7830543089512099,-4.51807291950425,2.8636360978952635,-70.0,-42.0,-58.88587392869641,-49.76341203394729,-67.0,
487,1.6280071316456668e+18,-0.8111593681851509,-4.525967238216248,3.0254230281241834,-55.774277992514016,-44.0,-60.55489532554688,-51.42971350721563,-62.77271720661392,-56.797915937497265
488,1.628007131979e+18,-0.8368814735269052,-4.539288834174068,3.1791968224010945,-63.657124080464826,-47.0,-61.0758200953206,-53.0,-71.87714014732245,-58.56421768545195
489,1.6280071323123333e+18,-0.8368814735269052,-4.539288834174068,3.1791968224010945,-62.41560409441359,-52.442165116063975,-65.0,-66.0,-75.0,
490,1.6280071326456668e+18,-0.8542021552618119,-4.539096921311579,3.2879473730036133,-56.0,-51.53066729175783,-61.67834375675554,-57.34582577564009,-74.0,-64.24595133227496
491,1.628007132979e+18,-0.83759751853606,-5.342564068567866,3.306658875062845,-69.0,-50.0,-60.97252667057758,-55.94835774811348,-66.0,-53.78051437809032
492,1.6280071333123333e+18,-0.83759751853606,-5.342564068567866,3.306658875062845,-60.88668852088807,-49.0,-63.0,-57.44849240152669,-69.15539190686465,
493,1.6280071336456668e+18,-0.8366479624510867,-5.703500282244429,3.310154028081432,-71.0,-50.184167362826486,-58.30843835705682,-55.0,-71.47128104620114,-61.87509073555943
494,1.628007133979e+18,-0.8409261228526986,-5.612084409599092,3.3010810356813436,-61.33633322987711,-49.91653574496215,-63.332700056324796,-69.0,-68.0,-55.55489532554688
495,1.6280071343123333e+18,-0.8409261228526986,-5.612084409599092,3.3010810356813436,-60.0,-49.81698947597886,,-57.21442872907788,-65.0,-55.29562965853501
496,1.6280071346456668e+18,-0.7956602090994669,-5.449463691018849,3.3188394127599934,-58.17667146632202,-51.88587392869641,-58.400064799253,-64.43025578968134,-67.54700247190056,-56.49533053638751
497,1.628007134979e+18,-0.7226789100268183,-5.249097016799565,3.420017005942734,-64.0,-49.03707201955286,-59.008926814003225,-59.90946980524957,-65.03707201955285,-55.03707201955286
498,1.6280071353123333e+18,-0.7226789100268183,-5.249097016799565,3.420017005942734,-58.87714014732246,-49.81698947597886,-58.03707201955285,-68.0,,
499,1.6280071356456668e+18,-0.6906946609525948,-5.0908013325405985,3.5362164672176717,-69.0,-50.03707201955286,-58.24595133227496,-59.0758200953206,-66.57007447761684,-56.011832408832404
500,1.628007135979e+18,-0.6708062536101687,-5.00819541216832,3.657275222221106,-59.97989084708714,-49.49190266454992,-63.49638852363662,-59.960815018831795,-69.67834375675554,-61.88587392869641
501,1.6280071363123333e+18,-0.6708062536101687,-5.00819541216832,3.657275222221106,-61.0,-46.55489532554688,-60.24595133227496,,,
502,1.6280071366456668e+18,-0.6407689205995862,-4.994500564339284,3.787629510647558,-56.840757063844485,-49.81698947597886,-61.037072019552866,-65.6427989476056,-67.92033978473933,-56.18176567293353
503,1.628007136979e+18,-0.6407689205995862,-4.994500564339284,3.787629510647558,-60.0,-48.0,-61.47128104620114,-65.0,-63.0,-57.59637310505756
504,1.6280071373123333e+18,-0.6052620202255169,-4.994734397537396,3.921626051384111,-63.38161710346992,-48.816989475978865,-58.59637310505755,-60.0,-69.24595133227496,
505,1.6280071376456668e+18,-0.5637660950502739,-4.9915683881021184,4.062247422621005,-61.41560409441358,-49.47128104620114,-68.0,-62.67834375675554,-71.88587392869641,-56.56139660287784
506,1.628007137979e+18,-0.5282705285926893,-4.983114875853073,4.177865320873576,-64.79791593749727,-48.55489532554688,-55.55489532554688,-60.59637310505756,-63.495330536387506,-57.93206269097926
507,1.6280071383123333e+18,-0.5282705285926893,-4.983114875853073,4.177865320873576,-64.49533053638751,-51.88587392869641,-63.816989475978865,-65.47128104620114,-66.03707201955287,
508,1.6280071386456668e+18,-0.505921736976624,-4.9704562828164605,4.258737243438562,-62.0,-49.55489532554687,-60.55489532554688,-71.24595133227496,-62.47128104620114,-59.74457620067879
509,1.628007138979e+18,-0.5040324251478725,-4.97752463548803,4.267695382669126,-65.97945485112737,-48.55489532554688,-52.606630862880344,-65.55489532554688,-59.15539190686466,-59.67834375675554
510,1.6280071393123333e+18,-0.5040324251478725,-4.97752463548803,4.267695382669126,-60.94200867351528,-49.220202460114145,-54.88587392869641,-65.37137961520601,,-59.0049353689235
511,1.6280071396456668e+18,-0.5035612394633335,-4.757039739698604,4.287814537285899,-62.70670735514095,-49.127672045843056,-50.88587392869641,-60.98896257656086,-59.425883333927814,-57.744576200678786
512,1.628007139979e+18,-0.5035612394633335,-4.757039739698604,4.287814537285899,-82.0,-48.663181874397345,-51.47128104620114,-64.0,-59.556083878874205,-58.29458940697501
513,1.6280071403123333e+18,-0.5070520377091497,-4.744623239287457,4.290245131889588,-76.0,-55.0,-51.88587392869641,-60.640468339958204,,
514,1.6280071406456668e+18,-0.5100445933753112,-4.745451833372087,4.289158928175761,-77.28001344282686,-50.55489532554688,-53.47128104620114,-60.308438357056815,-58.0,-57.97593900912253
515,1.628007140979e+18,-0.5100445933753112,-4.745451833372087,4.289158928175761,-78.6982539887523,-55.0,-54.0,-60.92358370267847,-62.220202460114145,-58.386856921627
516,1.6280071413123333e+18,-0.5134301719199122,-4.739620514162899,4.291925351920241,-76.98528966022042,-49.347921089903586,-51.47128104620114,-64.0,-57.0,
517,1.6280071416456668e+18,-0.5152882202409693,-4.74126203729864,4.297127220952247,-83.0,-49.347921089903586,-54.0,-65.0,-62.442165116063975,-57.90255770152024
518,1.628007141979e+18,-0.5152882202409693,-4.74126203729864,4.297127220952247,-78.0,-47.38834888915399,-52.47128104620114,-60.24595133227496,-59.84266066140716,-57.97224679626359
519,1.6280071423123333e+18,-0.5167659457439785,-4.742316125699924,4.30154735597565,-75.0,-56.0,-53.47128104620114,-60.24595133227496,,
520,1.6280071426456668e+18,-0.518229021303195,-4.738316313112754,4.306088306804012,-78.0,-55.0,-52.47128104620114,-60.55489532554688,-56.0,-58.97593900912252
521,1.628007142979e+18,-0.518229021303195,-4.738316313112754,4.306088306804012,-78.16241031110505,-47.937700904720835,-52.92358370267848,-60.55489532554688,,-57.97224679626359
522,1.6280071433123333e+18,-0.5193357700000177,-4.737995599036202,4.306905210869227,-78.0,-48.42971350721563,-55.0,-60.55489532554688,,
523,1.6280071436456668e+18,-0.5196678726374342,-4.739037426299471,4.308974875029485,-78.0,-56.0,-53.361944479129065,-60.24595133227496,,-56.97593900912253
524,1.628007143979e+18,-0.5196678726374342,-4.739037426299471,4.308974875029485,-78.0,-53.24595133227496,-55.0,-59.0,-66.0,-60.68521082957744
525,1.6280071443123333e+18,-0.5196565696342229,-4.74307771451933,4.304033458500228,,,-53.16241031110505,,,
526,1.6280071446456668e+18,-0.520489384709746,-4.739101952362146,4.305033512550821,-77.16241031110505,-56.0,-54.0,-60.98528966022042,-59.86459584399115,-58.98298391329042
527,1.628007144979e+18,-0.520489384709746,-4.739101952362146,4.305033512550821,-79.0,-53.88587392869641,-54.0,-61.245951332274956,-59.42971350721563,-58.97593900912252
528,1.6280071453123333e+18,-0.5211372495707929,-4.741437914040204,4.30563461506981,-76.78975051398773,-53.24595133227496,-54.0,-60.0,,
529,1.6280071456456668e+18,-0.5211372495707929,-4.741437914040204,4.30563461506981,-79.0,-53.55489532554688,-55.0,-61.22763095213669,-61.575425239949254,-58.45738730960641
530,1.628007145979e+18,-0.5210582665219581,-4.741914039090567,4.300924399160941,-78.16241031110505,-53.24595133227496,-54.0,-59.0,-60.59637310505756,-57.96708621881339
531,1.6280071463123333e+18,-0.5214141541285026,-4.743130968964349,4.301849468893758,-78.0,-53.55489532554688,-54.0,-61.75575955874767,,
532,1.6280071466456668e+18,-0.5214141541285026,-4.743130968964349,4.301849468893758,-77.6404683399582,-53.55489532554688,-54.47128104620114,-60.0,-61.68427091407203,-57.44722005532367
533,1.628007146979e+18,-0.521828905450593,-4.74110253487296,4.302547476013081,-77.30843835705681,-53.55489532554688,-54.0,-61.245951332274956,-60.54555797142076,-57.96708621881339
534,1.6280071473123333e+18,-0.5225568082116383,-4.745093248558535,4.3037908927540975,-79.0,-53.55489532554688,-54.0,-60.0,,
535,1.6280071476456668e+18,-0.5234075826213251,-4.73680374238633,4.303878458540334,-78.0,-53.55489532554688,-54.0,-60.55489532554688,-60.59637310505756,-57.97151035824385
