,ts,x,y,rssi_3,rssi_4,rssi_5,rssi_8,rssi_10,rssi_11
0,1.6280069673123333e+18,-2.5882323266669283,4.824974388752994,,,,,-60.0,
1,1.628006967979e+18,-2.59608765731987,4.82757224231531,-60.75575955874768,-70.0,-49.81698947597886,-51.0,-62.03707201955286,-64.13182526097137
2,1.6280069683123333e+18,-2.59608765731987,4.82757224231531,-64.87714014732245,-70.84945207960874,-49.81698947597886,-56.192541904922074,,
3,1.6280069686456668e+18,-2.5990714892438898,4.832741816722657,-67.0,-71.16241031110505,-47.840757063844485,-56.37137961520602,-55.87714014732246,-65.67834375675554
4,1.628006968979e+18,-2.5990714892438898,4.832741816722657,-62.0,-71.22763095213669,-49.81698947597886,-50.0,-57.127672045843056,-63.04667964096758
5,1.6280069693123333e+18,-2.5918550215267633,4.8348410178702785,-57.0,-68.0,-48.308438357056815,,,
6,1.6280069696456668e+18,-2.580882734532595,4.833880445257406,-62.22645033799738,-68.0,-48.0,-53.54555797142076,-64.0,-62.59637310505756
7,1.628006969979e+18,-2.580882734532595,4.833880445257406,-59.20680347858712,-69.59637310505757,-49.36194447912907,-48.0,-57.43025578968133,-64.51377523218476
8,1.6280069703123333e+18,-2.561990655622358,4.831285795584346,-59.0,-69.7445762006788,-48.92358370267847,-53.442165116063975,-59.0,-66.88587392869641
9,1.6280069706456668e+18,-2.523413932364425,4.829447413754238,-58.0,-71.65042921123607,-54.81698947597886,-51.99666022302261,-56.226450337997385,-66.55489532554688
10,1.628006970979e+18,-2.523413932364425,4.829447413754238,-62.937700904720835,-64.62023962696213,-53.003422301696624,-51.44026063356477,-60.98528966022042,-64.67834375675554
11,1.6280069713123333e+18,-2.4861900552570386,4.820462978031961,-62.0,,-52.98298391329042,,,-67.7445762006788
12,1.6280069716456668e+18,-2.4403400723917286,4.824855401867219,-63.48304604390742,-64.0,-50.37137961520601,-51.96016958846595,-58.57097796191239,-65.94952108888775
13,1.628006971979e+18,-2.4403400723917286,4.824855401867219,-62.0,-87.0,-49.819368656667805,-55.39722871117527,-50.94200867351528,-66.79791593749727
14,1.6280069723123333e+18,-2.392977482499036,4.839026981712315,-62.0,-85.0,-49.03707201955286,-50.0,,-73.0
15,1.6280069726456668e+18,-2.354793320945776,4.854972661598976,-63.0,-66.22007994287289,-47.0,-64.0,-52.66321761628444,-65.51533889229631
16,1.628006972979e+18,-2.354793320945776,4.854972661598976,-61.60663086288034,-70.97593900912253,-48.816989475978865,-56.28196658093697,-50.95596681443936,-77.0
17,1.6280069733123333e+18,-2.245006438200417,4.883803472045255,-63.0,-66.98801139648877,-48.55489532554688,-55.42997763405458,-50.95596681443936,-62.67531385505685
18,1.6280069736456668e+18,-2.1004627195776737,4.912875022043243,-59.46405268421363,-68.97593900912253,-48.925636787385464,-55.94200867351528,-51.40553010908731,-65.29302069045559
19,1.628006973979e+18,-2.1004627195776737,4.912875022043243,-58.0,-69.97593900912253,-54.37137961520602,-57.66195227680925,-54.55489532554687,-68.81698947597886
20,1.6280069743123333e+18,-1.9534101968686515,4.940708778457735,-56.797915937497265,-73.03707201955285,-48.816989475978865,,,
21,1.6280069746456668e+18,-1.8122664967472766,4.966707336903695,-62.58431909085297,-68.55489532554688,-48.55489532554688,-54.979400086720375,-51.3322668438542,-66.11255084254887
22,1.628006974979e+18,-1.8122664967472766,4.966707336903695,-54.74457620067879,-58.744576200678786,-52.47128104620114,-59.17667146632201,-55.440769254243286,-61.245951332274956
23,1.6280069753123333e+18,-1.6718854633998625,4.992113199918114,-63.626018735822676,-67.88587392869641,-46.37137961520602,,,
24,1.6280069756456668e+18,-1.5341739876160365,5.017165406065784,-61.92449996433946,-60.95596681443936,-47.220202460114145,-58.68427091407203,-55.0,-64.11601958172494
25,1.628006975979e+18,-1.5341739876160365,5.017165406065784,-64.33493988674041,-66.78293766150712,-49.04667964096758,-67.34392755560003,-51.51533889229631,-56.22020246011415
26,1.6280069763123333e+18,-1.3959374102577262,5.041594184191623,-63.54429542088837,-69.0,-51.55489532554688,,,
27,1.6280069766456668e+18,-1.3959374102577262,5.041594184191623,-65.0,-61.41801149416955,-54.55489532554687,-62.814650449758304,-55.10226102149839,-60.14286131076071
28,1.628006976979e+18,-1.2569792364433983,5.068891123147849,-78.0,-66.52724374661273,-53.88587392869641,-60.882689105267396,-54.08412542943876,-60.88587392869641
29,1.6280069773123333e+18,-1.1178448758126855,5.09975383316486,,-53.0,-49.03707201955286,,,-59.47128104620114
30,1.6280069776456668e+18,-1.1178448758126855,5.09975383316486,-65.9450596319513,-60.676925053321284,-49.245951332274956,-65.47128104620114,-51.44026063356477,-64.47128104620114
31,1.628006977979e+18,-0.9888396128289232,5.131290150964297,-63.37818792907599,-59.0,-58.0,-58.744576200678786,-52.03431126521882,-63.24595133227496
32,1.6280069783123333e+18,-0.9058459048666834,5.157707870949229,-70.163785811139,-56.11255084254886,-50.875090735559425,-64.0,,-65.47128104620114
33,1.6280069786456668e+18,-0.9058459048666834,5.157707870949229,-61.0,-62.0,-48.74331760273472,-68.0,-43.0,-66.79791593749727
34,1.628006978979e+18,-0.8906924828222847,5.1699417905269796,-68.0,-59.702646136698796,-61.245951332274956,-67.7445762006788,-59.98528966022042,-65.55489532554688
35,1.6280069793123333e+18,-0.8840813346518731,5.169551669311738,-63.0,-54.0,-54.55489532554687,,,-71.49533053638751
36,1.6280069796456668e+18,-0.8840813346518731,5.169551669311738,-68.22763095213668,-48.0,-53.88587392869641,-67.84604408019229,-57.4957994653252,-70.0
37,1.628006979979e+18,-0.8981243037877474,5.148269006870693,-66.42971350721564,-51.74457620067879,-61.47128104620114,-65.03707201955285,-61.14555418194013,-70.81698947597887
38,1.6280069803123333e+18,-0.9012757633356843,5.124336841650962,-70.0,-53.280013442826856,-55.47128104620114,,-56.0,-65.88587392869641
39,1.6280069806456668e+18,-0.9012757633356843,5.124336841650962,-66.86459584399114,-47.0,-59.245951332274956,-64.07518927625893,-57.0,-67.37137961520601
40,1.628006980979e+18,-0.9073126669755043,5.101531030992216,-70.0,-52.94200867351528,-59.88587392869641,-61.34792108990359,-62.60403201601635,-67.22020246011414
41,1.6280069813123333e+18,-0.9073126669755043,5.101531030992216,-67.02467948506366,-51.797915937497265,-58.55489532554688,,,-67.49533053638751
42,1.6280069816456668e+18,-0.9122077687365764,5.079426824169745,-72.0,-52.744576200678786,-57.88587392869641,-63.20100985474724,-62.0,-67.81698947597886
43,1.628006981979e+18,-0.9122077687365764,5.079426824169745,-69.36194447912908,-52.94200867351528,-57.55489532554687,-61.77427799251401,-58.08210209107895,-67.55489532554688
44,1.6280069823123333e+18,-0.9192569125583747,5.0622296418684565,-73.0,-51.94200867351529,-57.88587392869641,,,
45,1.6280069826456668e+18,-0.9192569125583747,5.0622296418684565,-70.22763095213668,-52.95596681443936,-57.55489532554687,-67.0,-61.49533053638751,-62.380772395358115
46,1.628006982979e+18,-0.9224784537942703,5.053357293445221,-68.0,-52.95596681443936,-57.245951332274956,-62.964925324418104,-60.14962480295668,-64.86067080007234
47,1.6280069833123333e+18,-0.9279388394171223,5.043965539649962,-70.43025578968133,-51.955966814439364,-56.98896257656085,,,
48,1.6280069836456668e+18,-0.9279388394171223,5.043965539649962,-71.28827052218001,-51.84865508224942,-57.88587392869641,-64.68396554736265,-60.67834375675553,-64.37137961520602
49,1.628006983979e+18,-0.933320919894488,5.034081166611621,-74.22645033799738,-50.98858803499836,-56.55489532554688,-65.09853918871235,-58.59637310505755,-65.97055676536384
50,1.6280069843123333e+18,-0.933320919894488,5.034081166611621,-73.0,-51.97593900912253,-56.55489532554688,,,
51,1.6280069846456668e+18,-0.9369001947224495,5.023795235585076,-70.0,-50.98298391329042,-55.55489532554688,-60.999404650640194,-58.59637310505755,-65.24595133227496
52,1.628006984979e+18,-0.9369001947224495,5.023795235585076,-74.22020246011415,-51.98858803499837,-58.226450337997385,-63.87936530616262,,-66.84075706384449
53,1.6280069853123333e+18,-0.9384270580308591,5.0198966003967,-72.37137961520601,-51.97593900912253,-56.245951332274956,,,
54,1.6280069856456668e+18,-0.9384270580308591,5.0198966003967,-74.81698947597886,-52.95596681443936,-55.88587392869641,-62.840757063844485,,-67.79791593749727
55,1.628006985979e+18,-0.9311657740249264,4.981868085720295,-69.0,-51.97593900912253,-57.698253988752285,-64.22692857187502,-57.429713507215624,-77.0
56,1.6280069863123333e+18,-0.9311657740249264,4.981868085720295,-72.68427091407203,-51.96708621881339,-56.0,,-64.0,
57,1.6280069866456668e+18,-0.9085741357118775,4.878083900842914,-74.44216511606398,-54.649430610393104,-56.245951332274956,-76.0,-64.0,-61.978499871151904
58,1.628006986979e+18,-0.8840142836734818,4.765056223768042,-74.0,-50.0,-53.57097796191239,-63.55833638938891,-55.0,-73.03707201955285
59,1.6280069873123333e+18,-0.8840142836734818,4.765056223768042,-69.0,-53.715310359187136,-55.0,,-61.037072019552866,
60,1.6280069876456668e+18,-0.8573660645379019,4.652804209151688,-75.76341203394729,-56.0,-52.47128104620114,-64.46482786166723,-55.46490104539004,-63.37223505164754
61,1.628006987979e+18,-0.8254030198840269,4.531473821227648,-80.19387168378337,-61.0,-49.0,-66.03863036182355,-56.77427799251401,-59.902557701520244
62,1.6280069883123333e+18,-0.8254030198840269,4.531473821227648,-72.52724374661271,-62.374551190804226,-53.88587392869641,,-69.0,
63,1.6280069886456668e+18,-0.7870189725101744,4.405299253682017,-71.0,-56.13594507829853,-48.69825398875229,-74.0,-55.0,-61.89972508487515
64,1.628006988979e+18,-0.7438221967429549,4.280638242447667,-70.92294594824926,-57.10533244359114,-54.0,-67.67774137816355,-64.0,-66.81698947597886
65,1.6280069893123333e+18,-0.7438221967429549,4.280638242447667,-76.0,-55.64977789627954,-49.47128104620114,,-54.245951332274956,
66,1.6280069896456668e+18,-0.6971440691851112,4.153513387990959,-75.7026461366988,-52.0,-49.357154974897554,-68.43025578968133,-57.40415109952889,-69.25298294297211
67,1.628006989979e+18,-0.668855563617444,4.085763185913023,-68.0,-54.25509021561421,-52.59637310505756,-64.0,-57.0,-68.79791593749727
68,1.6280069903123333e+18,-0.668855563617444,4.085763185913023,-70.36194447912906,,-51.816989475978865,,-58.24595133227496,
69,1.6280069906456668e+18,-0.654243289224777,4.065066259589442,-86.0,-53.744576200678786,-53.47128104620114,-66.48194240977344,-57.87714014732245,-63.866032225388665
70,1.628006990979e+18,-0.6468879894844122,4.049709190955706,-77.44216511606398,-64.81698947597886,-53.495330536387506,-68.0,-59.88587392869641,-61.49533053638751
71,1.6280069913123333e+18,-0.6468879894844122,4.049709190955706,-77.0,-60.03707201955286,-55.816989475978865,,,
72,1.6280069916456668e+18,-0.6342718160793329,4.003817587312359,-76.0,-59.59637310505756,-48.744576200678786,-62.829618197778856,-63.361944479129065,-61.61733094748097
73,1.628006991979e+18,-0.5886832705950014,3.893750725040363,-80.22763095213668,-59.49533053638751,-61.0,-61.44913180851933,-64.77231166668093,-63.01943682569779
74,1.6280069923123333e+18,-0.5886832705950014,3.893750725040363,,-59.0,,,,
75,1.6280069926456668e+18,-0.5230175222798125,3.7885683502728185,-78.0,-62.03707201955286,-54.245951332274956,-62.0,-63.0,-61.49533053638751
76,1.628006992979e+18,-0.48412669492313937,3.6730146988439385,-76.78293766150713,-63.47128104620114,-60.79791593749726,-63.65342242733021,-66.67834375675554,-59.97674030150549
77,1.6280069933123333e+18,-0.48412669492313937,3.6730146988439385,-71.0,-58.495330536387506,-61.88587392869641,,,
78,1.6280069936456668e+18,-0.4584967098727354,3.539806158683545,-70.88668852088806,-57.220202460114145,-60.37137961520601,-63.23197293034564,-61.69950492535217,-62.81698947597886
79,1.628006993979e+18,-0.4584967098727354,3.539806158683545,-70.78975051398773,-55.88587392869641,-57.94200867351528,-61.08210209107896,-65.97593900912253,-60.236930144635764
80,1.6280069943123333e+18,-0.43406522213844545,3.3976212124362823,-69.0,-65.49533053638751,-58.0,,-66.03707201955287,
81,1.6280069946456668e+18,-0.4062251021936964,3.2494811872083544,-77.0,-55.95596681443936,-60.98298391329042,-65.37137961520601,-67.37137961520601,-64.22020246011415
82,1.628006994979e+18,-0.4062251021936964,3.2494811872083544,-67.88587392869641,-56.94200867351529,-57.334939886740415,-60.54760527802627,-74.88587392869641,-56.596373105057566
83,1.6280069953123333e+18,-0.37898428523383065,3.098557788743448,-64.03707201955287,-56.245951332274956,,,-64.37137961520602,
84,1.6280069956456668e+18,-0.3607415232861242,3.001815655802515,-67.47128104620114,-58.47128104620114,-60.98528966022042,-56.840757063844485,-73.22020246011414,-55.10840954760194
85,1.628006995979e+18,-0.3607415232861242,3.001815655802515,-73.0,-57.88587392869641,-66.67834375675554,-60.90255770152024,-71.0,-59.88587392869641
86,1.6280069963123333e+18,-0.3587434985374699,2.98134387798491,-75.0,-54.47128104620114,,,,
87,1.6280069966456668e+18,-0.35712981680950273,2.9588044325058096,-71.0,-54.0,-59.094965077078704,-57.49800363783733,-69.79300285962088,-68.47128104620114
88,1.628006996979e+18,-0.35712981680950273,2.9588044325058096,-69.0,-55.0,-67.88587392869641,-67.35715497489755,-69.15539190686465,-70.59637310505755
89,1.6280069973123333e+18,-0.35072277563938636,2.950539403857204,-74.0,-72.0,,,-70.0,
90,1.6280069976456668e+18,-0.34722437306698506,2.9479492368710916,-59.6427989476056,-58.16284946429143,-66.0584766444677,-70.0,-67.0,-68.92563678738546
91,1.628006997979e+18,-0.34722437306698506,2.9479492368710916,-62.0,-55.86459584399115,-68.69028178094878,-64.16241031110505,-70.6982539887523,-72.22020246011414
92,1.6280069983123333e+18,-0.34722437306698506,2.9479492368710916,-59.828059379920795,-58.77427799251401,-69.0,,-69.0,-69.0
93,1.6280069986456668e+18,-0.335273812143655,2.9388682146927096,-64.60577922009921,-63.47128104620114,-74.49533053638751,-64.84136636873859,-67.2470936556241,-69.1687212040898
94,1.628006998979e+18,-0.335273812143655,2.9388682146927096,-64.94136369863598,-57.155391906864665,-72.88587392869641,-65.176671466322,-70.0,-69.37137961520602
95,1.6280069993123333e+18,-0.3158289171250109,2.92584768716829,-64.02467948506366,-55.0,-67.0,,,
96,1.6280069996456668e+18,-0.3158289171250109,2.92584768716829,-64.0,-63.0,-65.49533053638751,-64.57007447761686,-70.00513713627518,-69.09221966779666
97,1.628006999979e+18,-0.24177960540366977,2.854959546326769,-62.0,-48.42326853447788,-67.0,-66.0,-71.51256161302327,-68.88587392869641
98,1.6280070003123333e+18,-0.1743981826517371,2.7917772829154814,-59.702646136698796,-56.816989475978865,-60.55489532554688,,,
99,1.6280070006456668e+18,-0.14781183036627618,2.773115474921703,-62.0,-60.0,-61.037072019552866,-64.69028178094877,-70.88587392869641,-65.32341439608774
100,1.628007000979e+18,-0.14781183036627618,2.773115474921703,-57.58815468949067,-53.67834375675553,-59.64747592985649,-64.0,-72.46405268421363,-60.63336204372918
101,1.6280070013123333e+18,-0.12770150756933954,2.7627475782252437,-57.81936865666779,-53.47156036163254,-59.81698947597886,-60.0,-75.0,-59.17667146632201
102,1.6280070016456668e+18,-0.04480040285829536,2.684665309603144,-60.0,-53.495330536387506,-60.55489532554688,-65.1893151464468,-75.3260372609087,-60.24595133227496
103,1.628007001979e+18,-0.04480040285829536,2.684665309603144,-56.32386600005731,-54.49533053638751,-61.0,-61.08210209107896,-71.8280593799208,-63.97252667057757
104,1.6280070023123333e+18,0.05351845900774087,2.5924817352862832,-66.0,-53.22020246011414,-63.59637310505755,,,
105,1.6280070026456668e+18,0.05351845900774087,2.5924817352862832,-59.69825398875229,-53.22020246011414,-59.55489532554687,-66.84945207960874,-72.0,-58.84945207960874
106,1.628007002979e+18,0.1008681559023836,2.5572932562074975,-62.0,-54.840757063844485,-59.5483753986712,-63.00256658935063,-68.16872120408982,-60.58847180017624
107,1.6280070033123333e+18,0.13166167978800625,2.5362876154074776,-52.334939886740415,,,,,
108,1.6280070036456668e+18,0.13166167978800625,2.5362876154074776,-62.0,-49.94200867351529,-61.88587392869641,-60.0,-65.88587392869641,-62.55489532554687
109,1.628007003979e+18,0.1487867937821148,2.526746069585451,-55.0,-46.92449996433946,-60.47128104620114,-60.52724374661271,-65.24595133227496,-59.368851208467916
110,1.6280070043123333e+18,0.15488886060324164,2.5250437117534412,-55.123399912615895,-47.924499964339454,-68.24595133227496,,,
111,1.6280070046456668e+18,0.15488886060324164,2.5250437117534412,-53.12339991261589,-58.0,-62.47128104620114,-61.816989475978865,-64.2778417457796,-60.24595133227496
112,1.628007004979e+18,0.1682822001928262,2.5153165865332348,-55.816989475978865,-43.96708621881338,-61.47128104620114,-59.0,-69.03707201955287,-58.7172323784761
113,1.6280070053123333e+18,0.208446462513453,2.4206273002906773,-53.59637310505755,-47.840757063844485,,,,
114,1.6280070056456668e+18,0.208446462513453,2.4206273002906773,-57.0,-43.95596681443935,-62.3015004266098,-60.47128104620114,-64.97937872679972,-57.47128104620114
115,1.628007005979e+18,0.23879538845186146,2.3667241698340535,-55.03707201955286,-46.840757063844485,-57.88587392869641,-61.512886961819106,-66.16241031110505,-59.47128104620114
116,1.6280070063123333e+18,0.2511230403325413,2.3069459781162167,-57.88668852088807,-48.95596681443935,,,,
117,1.6280070066456668e+18,0.2511230403325413,2.3069459781162167,-51.797915937497265,-50.97593900912252,-62.85129512973873,-63.47128104620114,-66.6427989476056,-60.973667472366685
118,1.628007006979e+18,0.2756431801331364,2.1795784727904675,-58.60804091235134,-51.545770042243234,-61.744969263631184,-58.16378581113899,-70.0,-60.24595133227496
119,1.6280070073123333e+18,0.2742178569006096,2.156051969539391,,,,,-71.55489532554688,
120,1.6280070076456668e+18,0.2742178569006096,2.156051969539391,-62.0,-50.29513326455404,-62.924499964339454,-57.56562367673286,-60.86010668348581,-57.61894758875112
121,1.628007007979e+18,0.27095727108988266,2.1454109127302647,-67.57097796191238,-57.0,-64.12485311217948,-54.0,-65.0,-66.81698947597886
122,1.6280070083123333e+18,0.27095727108988266,2.1454109127302647,-65.33493988674041,-52.12339991261588,,-56.49533053638751,,
123,1.6280070086456668e+18,0.27182469792083314,2.069015255922611,-66.0,-52.03707201955286,-67.0,-61.73644122877971,-64.92669992490859,-68.41560409441358
124,1.628007008979e+18,0.2727821722996218,2.0294195578593284,-69.48194240977342,-49.347921089903586,-65.62352248514605,-56.037072019552866,-69.23419574636654,-72.22020246011414
125,1.6280070093123333e+18,0.26314093176255837,1.877851612403983,-72.0,-57.0,,,,
126,1.6280070096456668e+18,0.26314093176255837,1.877851612403983,-68.0,-59.0,-63.495330536387506,-57.575425239949254,-61.245951332274956,-71.6474759298565
127,1.628007009979e+18,0.25589386509108847,1.7383527724080705,-58.0,-56.357154974897554,-69.27981655343643,-59.86270070554501,-65.0,-66.03707201955287
128,1.6280070103123333e+18,0.25589386509108847,1.7383527724080705,-63.02467948506365,,,,-64.0,-51.96708621881339
129,1.6280070106456668e+18,0.25310358508272496,1.6925851623369195,-60.32652576909101,-55.7026461366988,-62.389311616241095,-56.89319193553366,-62.07223588114121,-58.936275140792034
130,1.628007010979e+18,0.2532197853700459,1.6900353011110771,-60.0,-51.037072019552866,-63.28827052218,-65.42473406617903,-64.98660260852017,-61.596373105057566
131,1.6280070113123333e+18,0.2532197853700459,1.6900353011110771,-65.84945207960874,,,,,
132,1.6280070116456668e+18,0.24834860769520045,1.6627591103855022,-66.0,-53.9608150188318,-64.49533053638751,-57.429713507215624,-67.0,-57.86233263788671
133,1.628007011979e+18,0.23522194527205037,1.5355630095944186,-63.55489532554688,-51.47128104620114,-59.968302622008174,-63.34792108990359,-63.55489532554688,-56.797915937497265
134,1.6280070123123333e+18,0.23522194527205037,1.5355630095944186,-61.0,,,-61.0,,
135,1.6280070126456668e+18,0.22883354410983198,1.4142025789505348,-66.3479210899036,-51.26859135615157,-66.84075706384449,-56.0,-67.84945207960874,-56.8693647338937
136,1.628007012979e+18,0.22504579192769097,1.2999447802415682,-59.88587392869641,-50.56738763002155,-62.964289384697175,-59.0,-68.21656950219996,-58.11505791726936
137,1.6280070133123333e+18,0.22504579192769097,1.2999447802415682,-65.12410727762814,-50.55489532554688,-66.98858803499836,-58.63213580156422,-64.22020246011415,-66.88587392869641
138,1.6280070136456668e+18,0.22775727938609647,1.2134811229281812,-68.11505791726935,-53.47128104620114,-62.88587392869641,-57.77271720661392,-65.81698947597887,-65.81698947597887
139,1.628007013979e+18,0.23396431376908647,1.2357323094148378,-62.312872543368414,-55.88587392869641,-67.24595133227496,-56.0,-63.20149560566935,-63.846044080192286
140,1.6280070143123333e+18,0.23396431376908647,1.2357323094148378,-64.0,-52.47128104620114,-60.88587392869641,-64.84075706384448,,
141,1.6280070146456668e+18,0.23705912054628364,1.2493762083946258,-65.0,-52.0,-65.49533053638751,-63.88587392869641,-63.55489532554688,-58.84075706384448
142,1.628007014979e+18,0.23980037056106712,1.2643408425568103,-61.0,-49.88587392869641,-60.03707201955286,-64.49533053638751,-66.47128104620114,-56.993044706351895
143,1.6280070156456668e+18,0.23540126012011003,1.2080032873560187,-70.47128104620114,-52.81698947597886,-59.47128104620114,-60.24595133227496,-61.0,-63.744576200678786
144,1.628007015979e+18,0.23540126012011003,1.2080032873560187,-70.0,-52.47128104620114,-81.0,-64.0,-66.24595133227496,-62.875090735559425
145,1.6280070163123333e+18,0.23250385711680885,1.0977160836340247,,,,-70.88587392869641,,-63.90255770152024
146,1.6280070166456668e+18,0.23338206659653501,0.9926693172630158,-67.40415109952889,-50.47128104620114,-61.53355090569784,-68.47128104620114,-63.81644866380495,-61.840757063844485
147,1.628007016979e+18,0.23338206659653501,0.9926693172630158,-71.66318187439734,-52.245951332274956,-79.0,-65.0,-61.14555418194013,-60.94200867351528
148,1.6280070173123333e+18,0.23640418275131256,0.8852436038687338,-65.87509073555943,-54.16241031110505,,-64.88587392869641,,
149,1.6280070176456668e+18,0.24504674027922693,0.7724311646972528,-74.0,-51.0,-62.861175991154425,-59.25988149974948,-68.0,-66.089511812678
150,1.628007017979e+18,0.24504674027922693,0.7724311646972528,-64.88669256972092,-49.16241031110505,-66.22020246011415,-60.979400086720375,-75.0,-63.59637310505755
151,1.6280070183123333e+18,0.26073853373678896,0.6558088077525797,-67.0,-49.16241031110505,-58.03707201955285,-66.95596681443936,-71.08412542943876,
152,1.6280070186456668e+18,0.27051638636113656,0.6489635720765891,-70.57007447761686,-49.0,-59.864412732641554,-68.43025578968133,-66.40406706904844,-67.21216182018568
153,1.628007018979e+18,0.27051638636113656,0.6489635720765891,-61.31385462024352,-48.48304604390742,-65.08412542943876,-61.18119762316827,-69.57542523994925,-67.67834375675554
154,1.6280070196456668e+18,0.2748754957244295,0.6502742274493886,-59.0,-47.0,-65.0,-60.0,-64.0,-65.84075706384448
155,1.628007019979e+18,0.2748754957244295,0.6502742274493886,-61.0,-49.0,-62.15969527921913,-63.24595133227496,-65.0,-65.49533053638751
156,1.6280070203123333e+18,0.27494622754730297,0.6407746538526857,-66.75575955874767,,,,,-64.59637310505757
157,1.6280070206456668e+18,0.27527672344627774,0.6399791941815998,-64.0,-49.92358370267848,-58.875090735559425,-64.8193686566678,-65.47833621958272,-70.55489532554688
158,1.628007020979e+18,0.27527672344627774,0.6399791941815998,-65.88587392869641,-50.816989475978865,-59.9755347397684,-68.22645033799739,-64.0,-64.59637310505757
159,1.6280070213123333e+18,0.2764577567158601,0.6399164388037413,-62.0,,,,,
160,1.6280070216456668e+18,0.27891667693455513,0.6368150669079029,-68.66318187439734,-48.92358370267847,-60.744576200678786,-63.68958437300583,-66.16241031110505,-66.60945974074023
161,1.628007021979e+18,0.27891667693455513,0.6368150669079029,-64.0,-49.81698947597886,-58.70528056034544,-66.92358370267847,-65.57200049288932,-65.37137961520601
162,1.6280070223123333e+18,0.2782060075629349,0.6328331900828454,-68.6982539887523,,,-61.0,,
163,1.6280070226456668e+18,0.2781524377752269,0.6310390824688208,-64.0,-50.38432551534712,-58.22020246011414,-61.0,-65.0,-65.35558817205029
164,1.628007022979e+18,0.2781524377752269,0.6310390824688208,-66.55489532554688,-50.472962090760944,-58.29513326455404,-62.0,-66.71780071285886,-66.40954676930475
165,1.6280070233123333e+18,0.2784612794040162,0.632252521026717,-65.0,,,-64.24595133227496,,
166,1.6280070236456668e+18,0.2804831113362869,0.6302397375977585,-66.8193686566678,-49.81698947597886,-58.03707201955285,-64.8193686566678,-65.88587392869641,-66.03707201955287
167,1.628007023979e+18,0.2804831113362869,0.6302397375977585,-65.0,-50.318630171393735,-58.22020246011414,-64.59822698081953,-67.91351497532845,-66.40954676930475
168,1.6280070243123333e+18,0.2814970816811007,0.6287707095896001,-67.43025578968133,,,,,
169,1.6280070246456668e+18,0.2814970816811007,0.6287707095896001,-65.0,-49.81698947597886,-58.55489532554688,-62.0,-67.90255770152024,-66.03707201955287
170,1.628007024979e+18,0.28117656673207275,0.6318347815559331,-65.0,-50.88669256972092,-59.03707201955286,-64.03707201955287,-67.92449996433946,-66.40085363678006
171,1.6280070253123333e+18,0.28216397645553914,0.6279810384526635,-66.55489532554688,,-58.0,,,
172,1.6280070256456668e+18,0.28216397645553914,0.6279810384526635,-66.55489532554688,-49.81698947597886,-56.0,-63.925636787385464,-67.90255770152024,-66.03707201955287
173,1.628007025979e+18,0.2829050625645531,0.6266969598877208,-61.037072019552866,-50.170289101288965,-58.22020246011414,-64.03707201955287,-67.92449996433946,-66.84075706384449
174,1.6280070263123333e+18,0.28278291156204827,0.6275922905492016,-62.55489532554687,,,,,-66.7445762006788
175,1.6280070266456668e+18,0.28278291156204827,0.6275922905492016,-62.55489532554687,-50.55489532554688,-58.38432551534712,-64.03707201955287,-68.82959724131828,-66.84075706384449
176,1.628007026979e+18,0.2833731694276988,0.6285388444827544,-59.59822698081954,-49.73001007934985,-59.03707201955286,-65.00342245631165,-74.59637310505757,-64.0
177,1.6280070273123333e+18,0.2829702329400408,0.6274001328758922,,,,,,-67.79791593749727
178,1.6280070276456668e+18,0.2829702329400408,0.6274001328758922,-60.280013442826856,-50.6427989476056,-58.01391819874959,-63.663181874397345,-74.0226335350172,-66.79791593749727
179,1.628007027979e+18,0.28304616272747696,0.627177526973736,-52.0,-53.0,-58.508353065753994,-68.0,-75.88668852088806,-67.79791593749727
180,1.6280070283123333e+18,0.2825671509531937,0.6281142856807543,,,,,,-64.0
181,1.6280070286456668e+18,0.2825671509531937,0.6281142856807543,-59.43025578968133,-53.16241031110505,-58.22020246011414,-64.81698947597886,-72.0,-67.79791593749727
182,1.628007028979e+18,0.282379459789033,0.6265483680928798,-58.92358370267847,-52.42038844361005,-58.22020246011414,-64.38769697900193,-72.0,-66.79791593749727
183,1.6280070293123333e+18,0.28247277909857665,0.6300454634001647,,,,,,-66.84075706384449
184,1.6280070296456668e+18,0.28247277909857665,0.6300454634001647,-56.334939886740415,-53.0,-57.81698947597886,-68.0,-75.16903515985639,-67.84075706384448
185,1.628007029979e+18,0.28248817686424754,0.6256633690195539,-60.0,-53.55413689329866,-57.4957994653252,-68.0,-75.68427091407203,-67.79791593749727
186,1.6280070303123333e+18,0.2825869790593654,0.6284702524897118,-57.36194447912907,,,,,-66.84075706384449
187,1.6280070306456668e+18,0.2825869790593654,0.6284702524897118,-57.0,-53.88587392869641,-58.22020246011414,-64.12339991261588,-71.47128104620114,-64.0
188,1.628007030979e+18,0.2839220559861261,0.6240582011545287,-58.55489532554688,-53.0,-64.24595133227496,-64.12339991261588,-74.67317354886595,-68.39722871117529
189,1.6280070313123333e+18,0.28392784352310013,0.6240389410922264,-58.0,,,,,-64.0
190,1.6280070316456668e+18,0.28392784352310013,0.6240389410922264,-56.964925324418104,-52.47128104620114,-64.24595133227496,-65.6427989476056,-72.0,-67.79791593749727
191,1.628007031979e+18,0.2848509857884281,0.6233325196908893,-59.607597306643925,-51.245951332274956,-64.24595133227496,-64.12339991261588,-71.0,-66.13689020602006
192,1.6280070326456668e+18,0.28450023521368906,0.6179509205623845,-54.0,-51.357154974897554,-64.55489532554688,-68.0,-74.88668852088806,-67.79791593749727
193,1.628007032979e+18,0.285967891515436,0.6148573094893388,-55.816989475978865,-51.640468339958204,-64.24595133227496,-68.0,-74.0226335350172,-67.2930206904556
194,1.6280070333123333e+18,0.285967891515436,0.6148573094893388,-58.0,,,,,
195,1.6280070336456668e+18,0.2847134151142214,0.6186370974385033,-59.570074477616856,-51.816989475978865,-64.24595133227496,-65.29341874475003,-72.0,-64.0
196,1.628007033979e+18,0.28496259933807516,0.6213243010647637,-60.03501692168909,-52.03707201955286,-64.55413689329866,-68.0,-68.68396554736265,-66.84075706384449
197,1.6280070343123333e+18,0.28496259933807516,0.6213243010647637,-58.0,-51.357154974897554,-64.24595133227496,-64.81698947597886,-69.55489532554688,-65.67531385505686
198,1.6280070346456668e+18,0.2840485190913913,0.6232987442499135,-61.17667146632201,-49.03707201955286,-64.24595133227496,-63.81415640098923,-68.81698947597886,-66.84075706384449
199,1.628007034979e+18,0.28402699278656524,0.6233104032587651,-58.0,-50.88587392869641,-63.78975051398773,-64.81698947597886,-68.55489532554688,-65.0
200,1.6280070356456668e+18,0.2840935590431742,0.6275325468966981,-59.245951332274956,-51.245951332274956,-66.0,-64.22020246011415,-69.55489532554688,-66.84075706384449
201,1.628007035979e+18,0.2840863246076154,0.6270356568222683,-58.88587392869641,-51.32652576909101,-63.55489532554688,-63.0,-68.98528966022042,-66.22020246011415
202,1.6280070363123333e+18,0.2840863246076154,0.6270356568222683,-60.12123479737585,,-64.24595133227496,-65.03707201955285,-68.81698947597886,-66.22020246011415
203,1.6280070366456668e+18,0.2839855128272408,0.6264735129883306,-58.24595133227496,-48.22020246011414,-64.55413689329866,-66.00342245631165,-68.55489532554688,-66.22020246011415
204,1.628007036979e+18,0.2937457191466139,0.5309940875651379,-57.43025578968133,-50.88587392869641,-66.47128104620114,-63.0,-67.47128104620114,-65.37137961520601
205,1.6280070373123333e+18,0.2937457191466139,0.5309940875651379,-55.0,-50.55489532554688,-65.88587392869641,-65.15539190686466,-67.0,-66.22020246011415
206,1.6280070376456668e+18,0.3041705779079174,0.41317853916069436,-57.170289101288965,-49.87714014732245,-64.02617637174801,-64.0,-63.97252667057757,-66.49533053638751
207,1.628007037979e+18,0.3021442790859677,0.40847113175655286,-54.0,-49.0,-66.0,-67.6404683399582,-70.0,-70.59637310505755
208,1.6280070383123333e+18,0.3021442790859677,0.40847113175655286,-58.18119762316827,-48.52724374661272,-70.47128104620114,-56.0,-69.3128725433684,-60.744576200678786
209,1.6280070386456668e+18,0.3032927421391734,0.3589275436684633,-58.11505791726936,-46.0,-57.81698947597886,-68.42971350721564,-71.0,-64.59637310505757
210,1.628007038979e+18,0.30777096681104316,0.226386968258553,-58.312872543368414,-48.226450337997385,-67.55489532554688,-64.54768137255898,-69.63336204372918,-64.22020246011415
211,1.6280070393123333e+18,0.30777096681104316,0.226386968258553,-54.0,-48.0,-56.037072019552866,-65.0,-70.0,-65.49533053638751
212,1.6280070396456668e+18,0.30804361689681126,0.23228205951557704,-54.0,-47.16241031110505,-63.495330536387506,-57.0,-70.86423794540882,-61.87509073555943
213,1.628007039979e+18,0.30103454775794325,0.23938118166416328,-61.36315894897588,,-62.60945974074023,-66.0,-67.2598814997495,-57.59637310505756
214,1.6280070403123333e+18,0.30103454775794325,0.23938118166416328,,,,-65.0194368256978,-68.0,-56.74457620067879
215,1.6280070406456668e+18,0.2737286213000442,0.13480903829723181,-61.0,,-65.03707201955285,-66.3458257756401,-67.0,-59.67834375675554
216,1.628007040979e+18,0.25341808743316036,0.024386426206485578,-59.0,-49.0,-57.81698947597886,-63.16378581113899,-74.0,-55.67834375675553
217,1.6280070413123333e+18,0.25341808743316036,0.024386426206485578,-55.0,-47.245951332274956,-57.88587392869641,-64.0,-68.1233999126159,-57.59637310505756
218,1.6280070416456668e+18,0.24970433155055147,0.01112507545027743,-58.01533385499083,-49.308438357056815,-57.245951332274956,-56.0,-70.78702201756445,-56.67834375675554
219,1.628007041979e+18,0.24970433155055147,0.01112507545027743,-63.0,-48.0,-56.37137961520602,-59.0,-67.13518455415036,-65.98896257656085
220,1.6280070423123333e+18,0.2434090907140871,-0.005429020631422226,-65.22763095213668,-48.0,-54.67834375675554,-63.30542416645643,-68.78975051398773,-68.47128104620114
221,1.6280070426456668e+18,0.2434090907140871,-0.005429020631422226,-62.829618197778856,-48.229250937780705,-54.0,-60.1326389065565,-69.0,-68.24595133227496
222,1.628007042979e+18,0.23680964629298343,-0.011378194346125832,-63.12339991261589,-48.88587392869641,-53.0,-70.48304604390742,-68.55489532554688,-59.03707201955286
223,1.6280070433123333e+18,0.23680964629298343,-0.011378194346125832,-61.0,-48.0,-67.0,-62.31385462024352,-65.59637310505755,-61.22020246011415
224,1.6280070436456668e+18,0.22633708883079576,-0.019843816033341552,-60.92358370267847,-48.88587392869641,-52.0,-63.0,-67.0,-68.4953305363875
225,1.628007043979e+18,0.22633708883079576,-0.019843816033341552,-62.0,-48.47128104620114,-61.0,-68.0,-67.0,-60.220202460114145
226,1.6280070443123333e+18,0.172858241911431,-0.09984921815229604,-61.308438357056815,-48.88587392869641,-49.0,-64.0,-66.88587392869641,-60.816989475978865
227,1.6280070446456668e+18,0.14622908481609112,-0.15813766501515905,-62.0,-48.88587392869641,-59.0,-70.22645033799739,-66.03707201955287,-59.220202460114145
228,1.628007044979e+18,0.14622908481609112,-0.15813766501515905,-62.19400172263412,-49.94443586535563,-65.0,-64.84945207960874,,-63.98298391329042
229,1.6280070453123333e+18,0.13025684904837026,-0.1940753001258838,-61.51533889229631,-47.245951332274956,-65.53066729175784,-61.840757063844485,,-62.284240409112066
230,1.6280070456456668e+18,0.11562049798953675,-0.2119124383192138,-59.47128104620114,-51.88587392869641,-64.0,-62.633362043729186,,-68.55489532554688
231,1.628007045979e+18,0.11562049798953675,-0.2119124383192138,-61.37137961520602,-48.55489532554688,-57.0,-68.03707201955285,-65.81698947597887,-65.96708621881338
232,1.6280070463123333e+18,0.10216072152137032,-0.19095111303334605,-61.797915937497265,-50.24595133227496,,-63.744576200678786,-68.4953305363875,-63.924499964339454
233,1.6280070466456668e+18,0.10216072152137032,-0.19095111303334605,-58.37137961520601,-52.81698947597886,-59.0,-64.88587392869641,-65.24595133227496,-64.9930447063519
234,1.628007046979e+18,0.08088579017087603,-0.16196376095915305,-60.19254190492207,-54.59637310505756,-64.0,-65.88587392869641,-69.0,-58.98298391329042
235,1.6280070473123333e+18,0.08088579017087603,-0.16196376095915305,-63.0,-51.840757063844485,-64.0,-69.0,-68.98528966022042,-58.98858803499835
236,1.6280070476456668e+18,0.06076664868389767,-0.13867602374606575,-66.37137961520602,-54.67834375675554,-59.0,-65.60478741182422,-69.93577255041285,-62.924499964339454
237,1.628007047979e+18,0.06076664868389767,-0.13867602374606575,-60.0,-55.32386600005731,-64.0,-69.0,-73.0,-59.967086218813385
238,1.6280070483123333e+18,0.039855621763590546,-0.1381404950309689,-64.15539190686465,-64.0,-63.0,-64.16241031110505,-68.56338671237572,-59.97593900912253
239,1.6280070486456668e+18,0.03240576121988043,-0.13798897563141332,-64.9649253244181,-56.34792108990359,-65.0,-69.0,-74.0,-58.97593900912252
240,1.628007048979e+18,0.03240576121988043,-0.13798897563141332,-63.0,-56.91130309351074,-66.0,-68.0,-69.97588143698968,-59.44329880178438
241,1.6280070493123333e+18,0.022377033043000972,-0.14928615082718236,,,,-64.36194447912908,,
242,1.6280070496456668e+18,0.022377033043000972,-0.14928615082718236,-63.575051293480946,-61.0,-64.0,-63.78975051398773,-71.25922848370762,-59.97593900912253
243,1.628007049979e+18,0.01970810369238115,-0.15442002101334742,-64.00342245631165,-59.0,-67.0,-64.30843835705681,-71.4384975654582,-58.98858803499835
244,1.6280070503123333e+18,-0.0810538319839131,-0.17855248166951093,,-54.24402496388474,-69.0,-66.0,,-59.97593900912253
245,1.6280070506456668e+18,-0.0810538319839131,-0.17855248166951093,-64.0,-55.24709365562411,-66.0,-65.0,-65.0,-56.0
246,1.628007050979e+18,-0.19799838365860423,-0.2071025684355545,-69.3888983605905,-53.25988149974948,-61.0,-69.0,-66.0,-59.97593900912253
247,1.6280070513123333e+18,-0.31780389619342103,-0.23191071332927088,-63.63336204372919,-52.0,,-68.16041627598308,-61.46490104539005,-65.84075706384448
248,1.6280070516456668e+18,-0.31780389619342103,-0.23191071332927088,-63.0,-56.0,-52.37137961520602,-65.6404683399582,-69.29120350093281,-57.99658802831297
249,1.628007051979e+18,-0.43057036073558425,-0.2576394618422908,-63.0,-54.67834375675554,-55.0,-67.0,-68.36194447912906,-57.94200867351528
250,1.6280070523123333e+18,-0.5511663147744246,-0.28702107380239317,-63.0,-53.55489532554688,-55.0,-68.0,-69.0,-56.840757063844485
251,1.6280070526456668e+18,-0.5511663147744246,-0.28702107380239317,-67.94136369863598,-50.744576200678786,-52.0,-64.25988149974948,-68.0,-58.875090735559425
252,1.628007052979e+18,-0.6052611482826509,-0.30461281763672676,-67.33493988674041,-51.596373105057566,-52.0,-62.547681372558976,-65.0,-61.596373105057566
253,1.6280070533123333e+18,-0.615739947210253,-0.3138942012446922,-62.0,-53.495330536387506,-61.0,-63.98528966022042,-77.24595133227496,-72.81698947597886
254,1.6280070536456668e+18,-0.615739947210253,-0.3138942012446922,-68.48304604390742,-57.840757063844485,-64.0,-67.0,-70.24402496388474,-62.875090735559425
255,1.628007053979e+18,-0.615596063744721,-0.3144113049231588,-62.0,-51.99658802831298,-57.0,-62.0,-72.81698947597886,-61.94200867351529
256,1.6280070543123333e+18,-0.607176647145574,-0.3070320106320484,-62.7026461366988,-55.744576200678786,-59.0,-69.0,-73.67834375675554,-67.22020246011414
257,1.6280070546456668e+18,-0.607176647145574,-0.3070320106320484,-59.0,-53.875090735559425,-73.0,-66.00342245631165,-70.81698947597887,-62.744576200678786
258,1.628007054979e+18,-0.6036480805698442,-0.3019252270015808,-62.13594507829853,-52.00812387340719,-65.0,-65.50140552444701,-70.49533053638751,-68.24595133227496
259,1.6280070553123333e+18,-0.6542388790771615,-0.2832773232474546,-59.0,-53.00812387340719,-63.0,-60.0,-69.59637310505757,-64.37137961520602
260,1.6280070556456668e+18,-0.6542388790771615,-0.2832773232474546,-64.38161710346992,-53.875090735559425,-63.0,-72.55489532554688,-74.88587392869641,-64.22020246011415
261,1.628007055979e+18,-0.6514440033873216,-0.27367948419628724,-58.0,-51.96708621881339,-56.0,-71.81698947597886,-78.4953305363875,-65.88587392869641
262,1.6280070563123333e+18,-0.6471943460855147,-0.25749687061537563,-61.22020246011415,-55.03707201955286,-55.0,-61.37137961520602,-71.03707201955287,-64.0
263,1.6280070566456668e+18,-0.6471943460855147,-0.25749687061537563,-59.840757063844485,-53.744576200678786,-72.0,-62.37137961520602,-67.98858803499837,-63.88587392869641
264,1.628007056979e+18,-0.6464875737694409,-0.24274927476164332,-58.84075706384448,-50.79791593749726,-58.0,-68.22020246011414,-70.84075706384448,-64.47128104620114
265,1.6280070573123333e+18,-0.6750904516513091,-0.19427761961276876,,-51.74457620067879,,-61.596373105057566,-78.37455119080423,
266,1.6280070576456668e+18,-0.6750904516513091,-0.19427761961276876,-59.94200867351529,-50.744576200678786,-63.0,-63.0,-82.0,-64.81698947597886
267,1.628007057979e+18,-0.7060745134753983,-0.15027427787608114,-57.579752556126905,-51.96016958846595,-60.41957985039644,-62.96016958846596,-78.93770090472083,-67.03707201955285
268,1.6280070583123333e+18,-0.7060745134753983,-0.15027427787608114,-54.0,-60.318630171393735,,-66.47473336094575,-81.83647644938695,-67.44525576512245
269,1.6280070586456668e+18,-0.6989545273930708,-0.1463182018078776,-58.296252560691016,-57.0,-70.03707201955285,-66.0,-84.0,-64.7445762006788
270,1.628007058979e+18,-0.6989545273930708,-0.1463182018078776,-52.0,-56.6404683399582,-58.744576200678786,-65.0,-74.99666022302262,-64.55489532554688
271,1.6280070593123333e+18,-0.683503391982997,-0.13607665028005606,-57.96016958846596,-60.0,-57.495330536387506,-67.89319193553365,-88.0,-67.0
272,1.6280070596456668e+18,-0.683503391982997,-0.13607665028005606,-58.84427923485483,-55.57007447761685,-61.797915937497265,-72.00342245631165,-89.0,-62.81698947597886
273,1.628007059979e+18,-0.6691231833350517,-0.12412421159632421,-54.0,-56.57007447761685,-60.37137961520601,-70.15539190686466,-75.14555418194013,-65.47128104620114
274,1.6280070603123333e+18,-0.6691231833350517,-0.12412421159632421,-59.0,-55.0,-56.596373105057566,-67.0,-79.0,-65.49533053638751
275,1.6280070606456668e+18,-0.64844853685607,-0.017304945040514153,-54.25509021561421,-56.0,-60.37137961520601,-70.0,-75.14555418194013,-64.59637310505757
276,1.628007060979e+18,-0.6313399227400652,0.11361881746862378,-57.220202460114145,-56.0,-58.11505791726936,-67.0,-74.53281229296874,-64.81698947597886
277,1.6280070613123333e+18,-0.6313399227400652,0.11361881746862378,,-53.86459584399114,-65.0,-68.0,-74.0,-61.0
278,1.6280070616456668e+18,-0.6175275576904545,0.2470361636799386,-64.0,-55.48304604390743,-67.92358370267847,-71.14555418194013,-85.0,-62.90255770152024
279,1.628007061979e+18,-0.6093300484325672,0.3157164982115315,-59.4561681687102,-55.98528966022042,-68.0,-63.12339991261589,-76.0,-56.0
280,1.6280070623123333e+18,-0.6093300484325672,0.3157164982115315,-58.49800363783733,-56.0,-67.16241031110505,-68.37818792907599,-69.54205090036712,-55.84075706384448
281,1.6280070626456668e+18,-0.6028530980458913,0.33347424299944206,-53.0,-56.0,-67.0,-64.0,-83.75575955874767,-61.06709773026257
282,1.628007062979e+18,-0.5975607987660567,0.34869124069045,-67.0,-52.0,-66.0,-62.0,-69.774277992514,-54.875090735559425
283,1.6280070633123333e+18,-0.5975607987660567,0.34869124069045,-58.47708519685244,-45.37137961520601,-66.81698947597886,-66.0,-75.0,-54.902557701520244
284,1.6280070636456668e+18,-0.5920117887838086,0.3581721278874049,-65.0,-53.6427989476056,-70.79791593749727,-62.24402496388474,-80.0,-54.92449996433946
285,1.628007063979e+18,-0.5752443484826886,0.3700367099026564,-60.19254190492207,-53.772332185826734,-67.24595133227496,-60.0,-69.20751468003442,-54.875090735559425
286,1.6280070643123333e+18,-0.5752443484826886,0.3700367099026564,-64.176671466322,-54.47128104620114,-66.0440704582149,-63.48304604390742,-70.0,-55.22077514968085
287,1.6280070646456668e+18,-0.5535946636887281,0.36723825049892905,-59.47128104620114,-52.0,-66.88587392869641,-62.829618197778856,-69.22020246011415,-54.875090735559425
288,1.628007064979e+18,-0.5409834207975422,0.3494207838655077,-58.42997763405458,-51.816989475978865,-67.24595133227496,-62.59835327512589,-65.24595133227496,-48.79791593749726
289,1.6280070653123333e+18,-0.5409834207975422,0.3494207838655077,-53.0,-53.03707201955285,-68.37137961520601,-61.0,-66.47128104620114,-55.54768137255898
290,1.6280070656456668e+18,-0.5310627993567029,0.33545280131832417,-58.43849756545821,-51.816989475978865,-69.03707201955287,-62.60478741182423,-66.47128104620114,-52.0
291,1.628007065979e+18,-0.5140049843748811,0.31498431586934367,-53.0,-52.81698947597886,-65.37137961520601,-57.0,-67.24595133227496,-58.03707201955285
292,1.6280070663123333e+18,-0.5140049843748811,0.31498431586934367,-58.79791593749726,-50.55489532554688,-64.37137961520602,-59.03707201955286,-65.24595133227496,-55.220202460114145
293,1.6280070666456668e+18,-0.4784708770049585,0.29721266641705374,-58.59637310505755,-51.22020246011415,-68.81698947597886,-58.03707201955285,-66.88587392869641,-54.59637310505756
294,1.628007066979e+18,-0.4784708770049585,0.29721266641705374,-59.130881657557886,-50.87482131234771,-70.0,-58.29513326455404,-66.02920518822815,-58.03707201955285
295,1.6280070673123333e+18,-0.35188278256087496,0.2887710205260453,-59.41913845826838,-50.55489532554688,-65.81698947597887,-59.55489532554687,-69.0,-56.37137961520602
296,1.6280070676456668e+18,-0.24037944054779725,0.2903680677649857,-57.044070458214904,-50.55489532554688,-64.80680276724374,-57.59637310505756,-65.52724374661271,-58.03707201955285
297,1.628007067979e+18,-0.24037944054779725,0.2903680677649857,-56.30542416645643,-50.24595133227496,-64.55489532554688,-58.68427091407203,-62.0,-59.03707201955286
298,1.6280070683123333e+18,-0.12675176645235792,0.3051142800397999,-52.0,-49.87714014732245,-61.46490104539005,-66.0,-65.94952108888775,-53.875090735559425
299,1.6280070686456668e+18,-0.0038407235663698545,0.32525970448972796,-55.0,-46.0,-56.0,-58.0,-66.0,-52.67834375675554
300,1.628007068979e+18,-0.0038407235663698545,0.32525970448972796,-50.0,-50.52724374661271,-58.495330536387506,-70.0,-70.46405268421363,-56.596373105057566
301,1.6280070693123333e+18,0.1305072386762596,0.34500769925978403,-58.11505791726936,,-60.88587392869641,-62.71165930878365,-66.0,-55.005959181846634
302,1.6280070696456668e+18,0.1672821517874542,0.349923868074315,-56.192541904922074,-51.0,-57.88587392869641,-65.43025578968133,-71.15539190686465,-53.875090735559425
303,1.628007069979e+18,0.1672821517874542,0.349923868074315,-55.70528056034544,-47.12339991261588,-61.0676541512587,-64.3893116162411,-68.73644122877971,-51.97593900912253
304,1.6280070703123333e+18,0.1886472234910502,0.3502926981766954,-58.05448044746933,-48.12123479737585,-61.797915937497265,,-67.0,-58.875090735559425
305,1.6280070706456668e+18,0.2151148824589616,0.3609163404404068,-53.0,-44.0,-60.84075706384448,-57.44849240152669,-64.98896257656085,-54.006515898642036
306,1.628007070979e+18,0.2151148824589616,0.3609163404404068,-53.0,-47.0,-74.0,-63.8193686566678,-65.48304604390742,-53.99304470635188
307,1.6280070713123333e+18,0.22022443071842057,0.36731361534975954,-55.0,-49.48304604390742,-59.58040936583767,-60.0,-64.0,-53.97593900912252
308,1.6280070716456668e+18,0.22058878029572176,0.3703218022399703,-58.442165116063975,-47.570074477616856,-56.0,-58.0,-62.0,-54.00685160232956
309,1.628007071979e+18,0.22058878029572176,0.3703218022399703,-57.68427091407204,-48.88587392869641,-56.308438357056815,-58.0,-64.0,-54.004835951711236
310,1.6280070723123333e+18,0.19362343527905249,0.3573858569205705,-57.575425239949254,-46.47128104620114,-55.0,-58.0,-65.24709365562411,-53.999404650640194
311,1.6280070726456668e+18,0.10749502122548155,0.3089904647158101,-54.0,-49.0,-56.6404683399582,-63.22763095213668,-65.48304604390742,-53.99658802831297
312,1.628007072979e+18,0.10749502122548155,0.3089904647158101,-58.63336204372918,-48.108705750369076,-61.49533053638751,-61.130470875605134,-66.78293766150712,-53.98858803499835
313,1.6280070733123333e+18,-0.01984387294998258,0.24057675005800255,-53.0,-45.0,,,,-52.00164327581188
314,1.6280070736456668e+18,-0.1467964107882518,0.17392520585308766,-56.876222431152016,-50.03707201955286,-53.75575955874767,-59.0,-65.24595133227496,-54.00164327581187
315,1.628007073979e+18,-0.1467964107882518,0.17392520585308766,-54.0,-50.67834375675553,-70.0,-53.0,-64.49533053638751,-48.003422301696624
316,1.6280070743123333e+18,-0.2651007329441757,0.10664976389496335,,-48.0,-49.003422301696624,-64.0,-68.73644122877971,-46.955966814439364
317,1.6280070746456668e+18,-0.37626635698060623,0.039286996523794755,-57.621310313498135,-48.47128104620114,-54.55489532554687,-60.92358370267847,-66.0,-48.0
318,1.628007074979e+18,-0.37626635698060623,0.039286996523794755,-53.0,-50.421043081029225,-56.55489532554688,-63.870349002700024,,-59.45109383341904
319,1.6280070753123333e+18,-0.44491896965519007,-0.012288352937888063,-56.43523485168322,-50.47128104620114,-55.37137961520601,-62.0,,-52.90255770152024
320,1.6280070756456668e+18,-0.44491896965519007,-0.012288352937888063,-54.303192312237684,-47.220202460114145,-56.3478587560386,-63.0,,-60.744576200678786
321,1.628007075979e+18,-0.4644413215060923,-0.032685327816577965,-55.0,-49.245951332274956,-58.744576200678786,-61.47128104620114,-73.24595133227496,-60.220202460114145
322,1.6280070763123333e+18,-0.4935347403069363,-0.05637119226390002,-57.25922848370761,-51.47128104620114,-57.81698947597886,-61.47128104620114,-65.81698947597887,-56.49533053638751
323,1.6280070766456668e+18,-0.4935347403069363,-0.05637119226390002,-53.0,-48.24595133227496,-59.0,-60.24595133227496,-64.49533053638751,-60.220202460114145
324,1.628007076979e+18,-0.49402480736573673,-0.062222269635776796,-53.924499964339454,-50.47128104620114,-58.37137961520601,-60.88587392869641,-60.84075706384448,-56.596373105057566
325,1.6280070773123333e+18,-0.4886393202905319,-0.06284978663968366,-58.924499964339454,-51.88587392869641,-59.0,-62.88587392869641,-66.55489532554688,-61.037072019552866
326,1.6280070776456668e+18,-0.4886393202905319,-0.06284978663968366,-55.90255770152024,-49.245951332274956,-58.67834375675553,-60.03707201955286,-66.17667146632202,-55.744576200678786
327,1.628007077979e+18,-0.48389076398201963,-0.0589744569285054,-59.954529345473716,-51.88587392869641,-61.3555881720503,-61.88587392869641,-66.0,-56.67834375675554
328,1.6280070783123333e+18,-0.48590602856576204,-0.05956633468160333,-56.0,-49.88587392869641,-58.495330536387506,-61.280013442826856,-75.0,-56.87509073555943
329,1.6280070786456668e+18,-0.48590602856576204,-0.05956633468160333,-57.63682153446966,-50.983495155724576,-60.88587392869641,-62.525920234786355,-68.95432709010856,-58.59776527376829
330,1.628007078979e+18,-0.4933189195366814,-0.05447071425141049,-61.735856969655046,-52.0,-61.840757063844485,-73.0,-67.0,-57.797915937497265
331,1.6280070793123333e+18,-0.499310040742349,-0.049384052507589045,-60.70650132608385,-50.308438357056815,-58.90255770152024,-66.78975051398773,-70.6404683399582,-58.90255770152024
332,1.6280070796456668e+18,-0.499310040742349,-0.049384052507589045,-57.0,-52.0,-63.22020246011414,-65.77427799251402,-68.0,-56.92449996433946
333,1.628007079979e+18,-0.506104733446847,-0.04152329672491298,-59.0,-53.0,-66.87509073555943,-67.48304604390742,-70.22645033799739,-56.94200867351529
334,1.6280070803123333e+18,-0.506104733446847,-0.04152329672491298,-57.0,-51.308438357056815,-64.67834375675554,-67.0,-69.0,-56.94200867351529
335,1.6280070806456668e+18,-0.5130481366323835,-0.03954889921765138,-61.703337687940376,-50.57007447761685,-63.67834375675553,-70.0,-70.48304604390742,-57.95596681443936
336,1.628007080979e+18,-0.5130481366323835,-0.03954889921765138,-59.0,-51.640468339958204,-67.79791593749727,-68.0,-70.75575955874767,-57.95596681443936
337,1.6280070816456668e+18,-0.5239359143746093,-0.02163073276166485,-62.69543675663969,-51.0,-64.26685328107057,-67.92358370267847,-69.0,-57.96708621881339
338,1.628007081979e+18,-0.53866047543289,0.07711858601044046,-60.0,-51.0,-67.64200801238165,-67.0,-68.0,-57.924499964339454
339,1.6280070823123333e+18,-0.5533717727213366,0.21090081893122636,-62.8278826022117,-53.47128104620114,-62.0,-67.72759957154628,-70.43025578968133,-57.924499964339454
340,1.6280070826456668e+18,-0.5533717727213366,0.21090081893122636,-64.54239525820543,-51.67363205192287,-62.49800363783733,-68.48304604390742,-69.67363205192287,-57.95596681443936
341,1.628007082979e+18,-0.5634758102715159,0.29446818608241443,-63.70611938978601,-54.0,-59.0,-59.03913295474065,-72.68427091407203,-53.97593900912252
342,1.6280070833123333e+18,-0.5634758102715159,0.29446818608241443,-63.0,-49.81698947597886,-61.67834375675554,-61.404067069048445,,
343,1.6280070836456668e+18,-0.5703037225072568,0.31738314000890017,-67.28196658093697,-51.037072019552866,-57.744576200678786,-56.0,-71.0,-59.840757063844485
344,1.628007083979e+18,-0.5577213586110955,0.33383852997137686,-63.0,-52.47128104620114,-57.495330536387506,-52.0,-67.81698947597886,
345,1.6280070843123333e+18,-0.5577213586110955,0.33383852997137686,-63.62544159284497,-51.037072019552866,-58.90255770152024,-54.0,-65.77427799251402,
346,1.6280070846456668e+18,-0.5421290755312823,0.3279339407986122,-60.0,-53.88587392869641,-57.988588034998365,-60.25380999473995,-70.0,
347,1.628007084979e+18,-0.5283694123257203,0.29930774321764725,-63.33935211111872,-55.03707201955286,-57.97593900912253,-56.60127485501704,-74.47128104620114,
348,1.6280070853123333e+18,-0.5283694123257203,0.29930774321764725,-61.0,-53.47128104620114,-57.97593900912253,-52.0,-75.22020246011414,-63.0
349,1.6280070856456668e+18,-0.5303975058169796,0.2765104845746715,-62.25509021561421,-53.816989475978865,-57.99304470635189,-55.55833638938891,-75.47128104620114,
350,1.628007085979e+18,-0.5394100343761994,0.24876278993429515,-60.0,-55.220202460114145,-57.840757063844485,-52.0,-76.49533053638751,-51.92449996433946
351,1.6280070863123333e+18,-0.5394100343761994,0.24876278993429515,-62.77271720661392,,-59.220202460114145,-53.0,-75.88587392869641,-63.0
352,1.6280070866456668e+18,-0.5244810316380887,0.21421341073076666,-62.47128104620114,-53.816989475978865,-57.96708621881339,-58.79791593749726,-72.67834375675554,-51.87509073555943
353,1.628007086979e+18,-0.51410344359648,0.16727716081914656,-62.88587392869641,-53.0,-59.81698947597886,-57.999404650640194,-81.03707201955287,-54.875090735559425
354,1.6280070873123333e+18,-0.51410344359648,0.16727716081914656,-62.570074477616856,-53.88587392869641,-59.81698947597886,-57.988588034998365,-80.24595133227496,-53.90255770152024
355,1.6280070876456668e+18,-0.5079128499351131,0.12970527294708903,-62.0,-53.47128104620114,-59.81698947597886,-57.99304470635189,-80.81698947597887,-54.875090735559425
356,1.628007087979e+18,-0.5057627676816127,0.10808264472287443,-59.98528966022042,-52.88587392869641,-59.81698947597886,-58.00164327581187,-75.44216511606398,-53.77778506003332
357,1.6280070883123333e+18,-0.5057627676816127,0.10808264472287443,-63.55489532554688,-52.88587392869641,-60.37137961520601,-58.99304470635188,-73.42971350721564,-54.579752556126905
358,1.6280070886456668e+18,-0.5099690792779018,0.09497016385895135,-62.81698947597886,-52.94256209240228,-59.81698947597886,-58.43307889658699,-80.0,-58.0
359,1.628007088979e+18,-0.5099690792779018,0.09497016385895135,-64.0,-53.48304604390742,-60.37137961520601,-62.74310513997644,-73.42971350721564,-59.59637310505756
360,1.6280070893123333e+18,-0.4600009591560376,0.026940124774519736,-55.25988149974949,-54.0,-60.220202460114145,-58.0,-81.0,-60.88668852088807
361,1.6280070896456668e+18,-0.39404737299647935,-0.06463159681921246,-60.17667146632202,-55.527243746612726,-59.81698947597886,-61.0,-75.08412542943876,-57.0
362,1.628007089979e+18,-0.39404737299647935,-0.06463159681921246,-58.96661158258865,-56.0,-56.37137961520602,-62.73349639254499,-72.0,-57.0
363,1.6280070903123333e+18,-0.33060812239796616,-0.16062329708336032,,-53.640468339958204,-60.67834375675553,-69.20288518614471,-74.0,-70.37137961520601
364,1.6280070906456668e+18,-0.26978614717709043,-0.2568314326371412,-57.83931857139004,-54.0,-57.630061833992954,-64.0,-76.67432600028066,-64.03180682796167
365,1.628007090979e+18,-0.26978614717709043,-0.2568314326371412,-66.0,-54.0,-61.47128104620114,-74.46490104539006,-71.0,-59.94200867351529
366,1.6280070913123333e+18,-0.2215805596458711,-0.3311580205030022,-63.0,-59.308438357056815,-63.24595133227496,-71.0,-79.36194447912908,-62.220202460114145
367,1.6280070916456668e+18,-0.19954311347979609,-0.3606949782709843,-67.46490104539005,-54.69825398875229,-66.03707201955287,-64.0,-74.11255084254887,-64.37137961520602
368,1.628007091979e+18,-0.19954311347979609,-0.3606949782709843,-63.87714014732246,-62.323866000057315,-63.05813063462401,-76.0,-71.6982539887523,-63.495330536387506
369,1.6280070923123333e+18,-0.17849674575051355,-0.3832763374160397,-60.0,-63.0,-73.0,-72.15539190686466,-72.0,-65.55489532554688
370,1.6280070926456668e+18,-0.1648666757154326,-0.38995425059505906,-65.56010252743776,-62.0,-66.49377227649505,-76.0,-69.0,-69.67834375675554
371,1.628007092979e+18,-0.1648666757154326,-0.38995425059505906,-62.0,-61.226450337997385,-60.0,-75.00342245631165,-72.0,-61.993044706351895
372,1.6280070933123333e+18,-0.16467899823566765,-0.38568368455989493,-67.93577255041286,-60.227630952136685,-62.495330536387506,-78.0440704582149,-72.57097796191238,-67.59637310505755
373,1.6280070936456668e+18,-0.1668985385783802,-0.3736838629486854,-63.67834375675553,-59.0,-76.24595133227496,-70.0,-71.17667146632202,-65.81698947597887
374,1.628007093979e+18,-0.1668985385783802,-0.3736838629486854,-71.0,-60.308438357056815,-65.79791593749727,-67.65712408046483,-75.76068658346165,-65.17414755154914
375,1.6280070943123333e+18,-0.17257535944231656,-0.3550434942614476,-62.54205090036712,-60.0,-68.81698947597886,-65.0,-75.0,-61.49533053638751
376,1.6280070946456668e+18,-0.17098718325963938,-0.33980521962199145,-59.01578371986945,-61.75575955874767,-65.17666064966919,-71.4824195027312,-77.0,-61.9994046506402
377,1.628007094979e+18,-0.17098718325963938,-0.33980521962199145,-67.0,-59.88587392869641,-64.81698947597886,-73.0,-65.79791593749727,-61.49533053638751
378,1.6280070953123333e+18,-0.12346778158384375,-0.3291505185738841,-62.247093655624106,-58.88587392869641,-60.964925324418104,-66.4957994653252,-63.875090735559425,-61.37137961520602
379,1.6280070956456668e+18,-0.013613977148697411,-0.3060019259639468,-67.0,-59.47128104620114,-64.81698947597886,-73.0,-64.90255770152024,-62.37137961520602
380,1.628007095979e+18,-0.013613977148697411,-0.3060019259639468,-61.49533053638751,-62.245951332274956,-65.24595133227496,-65.38834888915399,-68.88587392869641,-57.0
381,1.6280070963123333e+18,0.006593522115387706,-0.29749242540547555,-60.16241031110505,-60.280013442826856,-54.88587392869641,-74.0,-65.84075706384448,-62.59637310505756
382,1.6280070966456668e+18,0.021277689293476214,-0.2929660497523841,-63.03707201955285,-61.0,-65.0,-71.88587392869641,-67.0,-64.92358370267848
383,1.628007096979e+18,0.021277689293476214,-0.2929660497523841,-60.357154974897554,-59.47128104620114,-57.245951332274956,-63.495330536387506,-70.81698947597887,-58.37137961520601
384,1.6280070973123333e+18,0.0291864339425146,-0.2829995514846961,-59.47128104620114,-57.81938068724722,-54.0,-65.47226176021181,-68.17992016690792,-59.37137961520602
385,1.6280070976456668e+18,0.0291864339425146,-0.2829995514846961,-58.0,-58.22020246011414,-55.23424023109445,-64.22020246011415,-68.24595133227496,-59.90856659356876
386,1.628007097979e+18,0.022762565041402318,-0.2644439367444333,-64.47128104620114,-57.59637310505756,-55.47128104620114,-64.6133923280817,-67.0,-57.37137961520602
387,1.6280070983123333e+18,0.024478728437264043,-0.2406099843814614,-62.570074477616856,-61.816989475978865,-52.88587392869641,-73.0,-64.02467948506366,-57.37137961520602
388,1.6280070986456668e+18,0.024478728437264043,-0.2406099843814614,-65.47128104620114,-65.24595133227496,-54.0,-72.24595133227496,-64.0,-57.37137961520602
389,1.628007098979e+18,0.021620772552403616,-0.2180882495386871,-64.0,-58.32386600005731,-55.47128104620114,-64.0,-63.22763095213668,-48.924499964339454
390,1.6280070993123333e+18,0.01094607624106019,-0.19344845704770014,,-67.0,-54.47128104620114,-62.52724374661271,-64.0,-51.840757063844485
391,1.6280070996456668e+18,0.01094607624106019,-0.19344845704770014,-62.570074477616856,-58.86423794540882,-55.0,-63.94505963195129,-63.640468339958204,-52.797915937497265
392,1.628007099979e+18,0.0010682023705176284,-0.15668160049541027,-63.0,-59.18989929338117,-54.47128104620114,-61.407307683262964,-63.0,-52.797915937497265
393,1.6280071003123333e+18,0.0033466053509177587,-0.055865339399971764,-63.92358370267847,-56.32386600005731,-56.47128104620114,-63.663181874397345,-63.357154974897554,-52.797915937497265
394,1.6280071006456668e+18,0.0033466053509177587,-0.055865339399971764,-63.217616030928234,-69.0,-55.72759957154628,-62.0,-62.308438357056815,-53.744576200678786
395,1.628007100979e+18,0.01633035616072016,0.06887471408745119,-55.614955339214625,-54.227630952136685,-55.47128104620114,-61.68958437300583,-65.73644122877971,-53.744576200678786
396,1.6280071013123333e+18,0.01518155115837302,0.10439066814791455,-65.6982539887523,-56.0,-54.88587392869641,-55.0,-80.0,-60.97593900912252
397,1.6280071016456668e+18,0.01518155115837302,0.10439066814791455,-54.0,-66.0,-59.0,-65.0,-62.0,-54.95596681443936
398,1.628007101979e+18,0.011473854590549469,0.11834402779584695,-52.0,-53.57007447761685,-57.75847914203474,-62.07582009532061,-80.0,-52.98298391329042
399,1.6280071023123333e+18,0.01442715520317705,0.12592540794664767,-51.0,,-59.0,-59.702646136698796,-65.24709365562411,-54.95596681443936
400,1.6280071026456668e+18,0.01442715520317705,0.12592540794664767,-54.58332562162675,-55.0,-54.227630952136685,-59.0,-66.42971350721564,-49.0
401,1.628007102979e+18,0.01728455760045703,0.13433196254873225,-54.498003637837314,-52.47128104620114,-61.0,-59.0,-65.86459584399114,-48.999404650640194
402,1.6280071033123333e+18,0.022664380344488325,0.13745045598902733,-52.0,-51.88587392869641,-53.48304604390742,-57.0,-72.0,-48.999404650640194
403,1.6280071036456668e+18,0.022664380344488325,0.13745045598902733,-56.35634832584854,-52.88587392869641,-53.0,-62.575425239949254,-82.0,-51.00756060782484
404,1.628007103979e+18,0.022664380344488325,0.13745045598902733,-53.0,-51.88587392869641,-53.24595133227496,-59.77271720661391,-66.0440704582149,-53.97593900912252
405,1.6280071043123333e+18,0.038774121942257274,0.15580075829583462,-56.192541904922074,-51.88587392869641,-52.88587392869641,-59.0,-66.59637310505757,-53.98298391329042
406,1.6280071046456668e+18,0.038774121942257274,0.15580075829583462,-52.0,-51.47128104620114,-53.24595133227496,-58.886688520888065,-71.0,-49.00164327581187
407,1.628007104979e+18,0.04242384957531436,0.1565946347055983,-56.13088165755788,-51.88587392869641,-52.88587392869641,-56.0,-65.47128104620114,-48.00164327581187
408,1.6280071053123333e+18,0.10168057981299301,0.23594204198298904,-52.0,-51.88587392869641,-52.88587392869641,-57.192541904922074,-73.0,-51.98858803499837
409,1.6280071056456668e+18,0.10168057981299301,0.23594204198298904,-56.13088165755788,-51.88587392869641,-52.88587392869641,-55.0,-65.47128104620114,-52.99304470635188
410,1.628007105979e+18,0.17676048707478803,0.34415896606914775,-55.3730493795858,-51.88587392869641,-57.960815018831795,-58.7026461366988,-67.47128104620114,-53.99304470635188
411,1.6280071063123333e+18,0.17676048707478803,0.34415896606914775,-58.66321761628445,-48.343927555600025,-53.47128104620114,-61.606951649151334,-65.47128104620114,-52.98298391329042
412,1.6280071066456668e+18,0.2229257344026921,0.42433969867432714,-52.0,-48.24595133227496,-54.47128104620114,-71.0,-66.21761603092823,-49.55744746805401
413,1.628007106979e+18,0.23123955165901464,0.4474283706867019,-55.90255770152024,-48.3976767400009,-54.03707201955286,-61.357603177655434,-67.84136636873859,-54.95596681443936
414,1.6280071073123333e+18,0.23123955165901464,0.4474283706867019,-57.797915937497265,-48.47128104620114,-58.03707201955285,-63.59637310505755,-71.79791593749727,-53.99399297531322
415,1.6280071076456668e+18,0.2370362958315674,0.4616119059916327,-55.24709365562411,-51.55489532554688,-54.31823377329938,-58.97593900912252,-74.49533053638751,-54.94200867351529
416,1.628007107979e+18,0.2370362958315674,0.4616119059916327,-56.797915937497265,-49.88587392869641,-55.816989475978865,-60.220202460114145,-68.03707201955285,-51.982983913290425
417,1.6280071083123333e+18,0.2370362958315674,0.4616119059916327,-63.575425239949254,-49.220202460114145,-63.816989475978865,-58.67834375675553,-67.12339991261588,-57.99304470635189
418,1.6280071086456668e+18,0.2341395664230538,0.46216961816549007,-53.90255770152024,-48.816989475978865,-66.03707201955287,-56.797915937497265,-68.0,-58.00685160232956
419,1.628007108979e+18,0.23395777843270021,0.49940168188997264,-62.37137961520602,-48.816989475978865,-56.816989475978865,-66.0,-68.18416736282649,-55.00685160232956
420,1.6280071093123333e+18,0.23395777843270021,0.49940168188997264,,-49.227630952136685,-47.840757063844485,-64.59822698081953,-66.0,-57.999404650640194
421,1.6280071096456668e+18,0.24248269247113413,0.6222307413157837,-60.86459584399115,-47.0,-64.03707201955287,-60.2550902156142,-67.59176359769359,-55.00812387340719
422,1.628007109979e+18,0.2434308994242078,0.7265302557468186,-63.442165116063975,-48.0,-57.99304470635189,-65.49580232134625,-66.0,-57.00685160232957
423,1.6280071103123333e+18,0.2434308994242078,0.7265302557468186,-62.77271720661392,-54.48304604390742,-61.0,-72.0,-69.94136369863598,-55.90255770152024
424,1.6280071106456668e+18,0.23922083333350722,0.8563208640663817,-62.0,-49.73644122877971,-56.816989475978865,-67.0,-63.0,-59.92449996433946
425,1.628007110979e+18,0.22694166045488182,1.0049445760902298,-60.0,-51.0,-55.495330536387506,-66.0,-65.0,-58.84075706384448
426,1.6280071113123333e+18,0.22694166045488182,1.0049445760902298,-59.0,-49.0,-56.92449996433946,-56.14555418194013,-66.43025578968134,-71.88587392869641
427,1.6280071116456668e+18,0.21733210964269523,1.1496046313032204,-65.27921603424349,-54.0,-53.744576200678786,-63.964925324418104,-65.36194447912906,-59.840757063844485
428,1.628007111979e+18,0.21004553053923386,1.286166279588421,-62.61046040301454,-45.48304604390743,-55.56125308386221,-63.0,-67.16241031110505,-60.288110139866085
429,1.6280071123123333e+18,0.21004553053923386,1.286166279588421,,-46.47128104620114,,-68.0,-67.0,
430,1.6280071126456668e+18,0.206845652464763,1.4174862217898634,-63.84232443733252,-47.47128104620114,-58.0,-60.38161710346992,-65.0,-54.0
431,1.628007112979e+18,0.2034130033293452,1.5020981070891695,-63.0,-51.88587392869641,-56.08412542943876,-58.68958437300583,,-57.924499964339454
432,1.6280071133123333e+18,0.2034130033293452,1.5020981070891695,-69.13594507829853,-45.0,-69.0,-59.98528966022042,,-63.875090735559425
433,1.6280071136456668e+18,0.2024751195086449,1.4921273855517825,-66.0,-47.55489532554687,-54.08210209107896,-61.0,,-55.94200867351528
434,1.628007113979e+18,0.2026283215425827,1.5113647578483296,-67.68427091407203,-51.88587392869641,-69.0,-74.0,-63.0,-56.00920919521115
435,1.6280071143123333e+18,0.2026283215425827,1.5113647578483296,-59.0,-53.0,-62.47128104620114,-62.0,-62.0,-52.98298391329042
436,1.6280071146456668e+18,0.20925270180386044,1.6233568943459304,-64.3458257756401,-50.24595133227496,-61.55489532554688,-55.78975051398773,-63.24402496388473,-54.004835951711236
437,1.628007114979e+18,0.20925270180386044,1.6233568943459304,-65.13088165755788,-51.67363205192287,-54.982983913290425,-57.66318187439735,-63.44026063356477,-63.59637310505755
438,1.6280071153123333e+18,0.21468378334038804,1.7212308631091662,-63.0,-51.55489532554688,-62.28908846457649,-56.32386600005731,,
439,1.6280071156456668e+18,0.21952735834926712,1.812681814067235,-62.373838747721386,-51.55489532554688,-54.96708621881339,-60.0,-61.88587392869641,-54.993992975313226
440,1.628007115979e+18,0.21952735834926712,1.812681814067235,-61.0,-48.37137961520601,-62.797915937497265,-57.16241031110505,-75.37137961520601,-55.98298391329042
441,1.6280071163123333e+18,0.22787655601941675,1.906041743619551,-64.37818792907599,-50.03707201955286,-60.67834375675553,-63.0,-67.81698947597886,
442,1.6280071166456668e+18,0.23516464220631403,2.011817850870306,-62.0,-52.55489532554687,-55.94200867351528,-58.73644122877971,-67.59637310505755,-58.744576200678786
443,1.628007116979e+18,0.23516464220631403,2.011817850870306,-66.0,-54.863827061900416,-63.24595133227496,-58.21867240706355,-66.36496718144284,-53.84075706384448
444,1.6280071173123333e+18,0.24213364637954002,2.1282771853776214,-65.0,-52.47128104620114,-60.59637310505756,-53.924499964339454,-68.03707201955285,-55.924499964339454
445,1.6280071176456668e+18,0.24276276395139662,2.1351407732350207,-66.65111974063244,-55.88587392869641,-57.25687814994227,-57.90255770152024,-64.67834375675554,-55.41427777438011
446,1.628007117979e+18,0.24276276395139662,2.1351407732350207,-67.22020246011414,-53.816989475978865,-61.22020246011415,-55.00483595171124,-70.03707201955285,-56.74457620067879
447,1.6280071183123333e+18,0.24267409971688408,2.1259815450572033,-73.37137961520601,-57.37137961520602,-57.744576200678786,-57.00483595171124,-73.81698947597886,-61.037072019552866
448,1.6280071186456668e+18,0.24002751464000235,2.125579580186836,-61.22020246011415,-56.49533053638751,-60.744576200678786,-53.98298391329042,-73.79591482999945,-65.55489532554688
449,1.628007118979e+18,0.24002751464000235,2.125579580186836,-58.97059499307816,-57.03707201955286,-59.67834375675554,-58.23695355750885,-75.0,-57.94835774811348
450,1.6280071193123333e+18,0.2382669502816073,2.123556158891662,-60.25988149974949,-56.49533053638751,-58.495330536387506,-93.0,-70.13689020602004,-64.0
451,1.6280071196456668e+18,0.20007509628857376,2.232074918199012,-78.0,-58.59822698081953,-60.816989475978865,-56.99658802831298,-75.0,-66.43025578968134
452,1.628007119979e+18,0.20007509628857376,2.232074918199012,-59.00585330169883,-54.0,-57.71742075495328,-65.08210209107897,-70.9855568224597,-64.62352248514605
453,1.6280071203123333e+18,0.1498872044184546,2.3498059029478977,-75.0,-56.4957994653252,-61.49533053638751,-78.0,-70.22020246011414,
454,1.6280071206456668e+18,0.1285915509671559,2.3917109879811322,-83.0,-55.88587392869641,-61.37137961520602,-64.98578507020193,-76.55489532554688,-63.68427091407203
455,1.628007120979e+18,0.1285915509671559,2.3917109879811322,-68.0,-52.48304604390742,-56.22020246011415,-58.24402496388473,-72.0,-61.37137961520602
456,1.6280071213123333e+18,0.10737586402301477,2.4006228622695653,-69.0,-49.0,-61.47128104620114,-58.93770090472083,-70.84945207960874,-61.37137961520602
457,1.6280071216456668e+18,0.08255365948747757,2.4001855474894365,-54.864237945408824,-50.0,-62.81698947597886,-61.0,-70.81698947597887,-56.596373105057566
458,1.628007121979e+18,0.08255365948747757,2.4001855474894365,-57.0,-49.0,-64.24595133227496,-60.0,-68.1233999126159,-63.816989475978865
459,1.6280071223123333e+18,0.0528697449488978,2.429702837915283,-59.547681372558976,-52.442165116063975,-60.816989475978865,-59.0,-70.0,-61.67834375675554
460,1.6280071226456668e+18,0.0528697449488978,2.429702837915283,-58.692195733229624,-52.8193686566678,-61.54768137255898,-57.36194447912907,-83.0,-61.49533053638751
461,1.628007122979e+18,0.015972065226274198,2.4567467332529267,-72.0,-51.70829263594896,-64.0,-62.0,-68.98896257656085,-64.37137961520602
462,1.6280071233123333e+18,5.2099707043145376e-05,2.4447506671720807,-52.0,-51.0,-67.0,-57.570074477616856,-72.0,-61.49533053638751
463,1.6280071236456668e+18,5.2099707043145376e-05,2.4447506671720807,-58.648868902645816,-49.0,-65.57007447761686,-58.55413689329866,-68.03707201955285,-63.83647644938694
464,1.628007123979e+18,-0.03138753561251116,2.43988287660946,-54.0,-49.59176359769359,-67.0,-62.22645033799738,-69.6404683399582,-62.245951332274956
465,1.6280071243123333e+18,-0.14990773895527876,2.440370435960938,-62.84427923485484,-50.67834375675553,-66.0,-59.323866000057315,-69.47128104620114,-63.0
466,1.6280071246456668e+18,-0.14990773895527876,2.440370435960938,-54.0,-50.67834375675553,-66.0,-63.0,-72.0,-62.47128104620114
467,1.628007124979e+18,-0.27392320483034144,2.428876504272178,-61.65712408046482,-47.54503138622435,-63.0,-59.0,-77.0,-62.03707201955286
468,1.6280071253123333e+18,-0.3986050067184571,2.421075745308386,-63.0,-60.0,-63.59637310505755,-62.98528966022041,-72.0,
469,1.6280071256456668e+18,-0.3986050067184571,2.421075745308386,-60.34792108990359,-46.003422301696624,-65.88587392869641,-64.0,-71.11255084254887,-64.60577922009921
470,1.628007125979e+18,-0.526964405164048,2.411390917795142,-59.69825398875229,-54.06709773026257,-61.0,-63.87714014732246,-71.0,-60.495330536387506
471,1.6280071263123333e+18,-0.6516596781789465,2.399672391413591,-59.0,-51.840757063844485,-61.245951332274956,-64.92358370267848,,
472,1.6280071266456668e+18,-0.6516596781789465,2.399672391413591,-61.23175675869174,-50.67834375675553,-60.487533204058124,-64.0,-72.06765415125871,-62.145554181940135
473,1.628007126979e+18,-0.7521169062644328,2.3886529760680943,-60.18119762316828,-50.924499964339454,-62.55489532554687,-62.640468339958204,-70.24595133227496,-61.37137961520602
474,1.6280071273123333e+18,-0.7746454645574421,2.387823503776996,,-52.744576200678786,-66.55489532554688,-64.0,-70.81698947597887,
475,1.6280071276456668e+18,-0.7746454645574421,2.387823503776996,-64.0,-47.97593900912253,-59.220202460114145,-63.84075706384448,-65.74457620067878,-60.87714014732246
476,1.628007127979e+18,-0.7891651543715084,2.38562386455474,-58.47128104620114,-50.744576200678786,-64.03707201955287,-60.55489532554688,-64.79791593749727,-63.08581733056659
477,1.6280071283123333e+18,-0.780413900136776,2.388161068202223,-60.88587392869641,-47.875090735559425,-66.88587392869641,-59.37137961520602,-64.54205090036712,
478,1.6280071286456668e+18,-0.780413900136776,2.388161068202223,-57.88587392869641,-47.875090735559425,-67.24595133227496,-59.37137961520602,-74.0,-62.55489532554687
479,1.628007128979e+18,-0.7587532640026536,2.3983306275974132,-62.53066729175784,-47.875090735559425,-60.55489532554688,-63.59637310505755,-63.47128104620114,-60.327332302112396
480,1.6280071293123333e+18,-0.7371627968111492,2.4205551928110633,-58.0,-46.902557701520244,-65.25426711088514,-56.90946980524957,-64.0,
481,1.6280071296456668e+18,-0.7371627968111492,2.4205551928110633,-62.245951332274956,-46.596373105057566,-67.0,-60.03707201955286,-64.30843835705681,-56.49533053638751
482,1.628007129979e+18,-0.7401404451357482,2.5311861558257895,-61.16241031110505,-45.0,-60.37137961520601,-56.24402496388473,-59.0,-54.220202460114145
483,1.6280071303123333e+18,-0.7401404451357482,2.5311861558257895,-61.98528966022042,-47.43025578968133,-59.37137961520602,-62.0,-63.226450337997385,
484,1.6280071306456668e+18,-0.7479635436414518,2.64795608472486,-60.0,-48.77271720661391,-61.22020246011415,-60.0,-62.0,-54.220202460114145
485,1.628007130979e+18,-0.7685021327225457,2.794488943929513,-59.0,-53.84945207960874,-62.245951332274956,-64.0,-62.840757063844485,-58.04857451834592
486,1.6280071313123333e+18,-0.7685021327225457,2.794488943929513,-70.0,-42.0,-58.88587392869641,-49.76341203394729,-67.0,
487,1.6280071316456668e+18,-0.7932644371539974,2.935360964303917,-55.774277992514016,-44.0,-60.55489532554688,-51.42971350721563,-62.77271720661392,-56.797915937497265
488,1.628007131979e+18,-0.8185971011084083,3.0707503174655377,-63.657124080464826,-47.0,-61.0758200953206,-53.0,-71.87714014732245,-58.56421768545195
489,1.6280071323123333e+18,-0.8185971011084083,3.0707503174655377,-62.41560409441359,-52.442165116063975,-65.0,-66.0,-75.0,
490,1.6280071326456668e+18,-0.8398175063844111,3.18110234458068,-56.0,-51.53066729175783,-61.67834375675554,-57.34582577564009,-74.0,-64.24595133227496
491,1.628007132979e+18,-0.8108252850156957,3.187218808568783,-69.0,-50.0,-60.97252667057758,-55.94835774811348,-66.0,-53.78051437809032
492,1.6280071333123333e+18,-0.8108252850156957,3.187218808568783,-60.88668852088807,-49.0,-63.0,-57.44849240152669,-69.15539190686465,
493,1.6280071336456668e+18,-0.8088148939335187,3.202128384473405,-71.0,-50.184167362826486,-58.30843835705682,-55.0,-71.47128104620114,-61.87509073555943
494,1.628007133979e+18,-0.8090473380878952,3.2050499161604855,-61.33633322987711,-49.91653574496215,-63.332700056324796,-69.0,-68.0,-55.55489532554688
495,1.6280071343123333e+18,-0.8090473380878952,3.2050499161604855,-60.0,-49.81698947597886,,-57.21442872907788,-65.0,-55.29562965853501
496,1.6280071346456668e+18,-0.7782725234269396,3.2420375823701675,-58.17667146632202,-51.88587392869641,-58.400064799253,-64.43025578968134,-67.54700247190056,-56.49533053638751
497,1.628007134979e+18,-0.7342153023909219,3.333300749533854,-64.0,-49.03707201955286,-59.008926814003225,-59.90946980524957,-65.03707201955285,-55.03707201955286
498,1.6280071353123333e+18,-0.7342153023909219,3.333300749533854,-58.87714014732246,-49.81698947597886,-58.03707201955285,-68.0,,
499,1.6280071356456668e+18,-0.7085826697936328,3.448243509399699,-69.0,-50.03707201955286,-58.24595133227496,-59.0758200953206,-66.57007447761684,-56.011832408832404
500,1.628007135979e+18,-0.6854664587895843,3.568904010867605,-59.97989084708714,-49.49190266454992,-63.49638852363662,-59.960815018831795,-69.67834375675554,-61.88587392869641
501,1.6280071363123333e+18,-0.6854664587895843,3.568904010867605,-61.0,-46.55489532554688,-60.24595133227496,,,
502,1.6280071366456668e+18,-0.6550126795090266,3.694214217231593,-56.840757063844485,-49.81698947597886,-61.037072019552866,-65.6427989476056,-67.92033978473933,-56.18176567293353
503,1.628007136979e+18,-0.6550126795090266,3.694214217231593,-60.0,-48.0,-61.47128104620114,-65.0,-63.0,-57.59637310505756
504,1.6280071373123333e+18,-0.6207070108903938,3.8238161760713307,-63.38161710346992,-48.816989475978865,-58.59637310505755,-60.0,-69.24595133227496,
505,1.6280071376456668e+18,-0.5790982888709271,3.964146278004888,-61.41560409441358,-49.47128104620114,-68.0,-62.67834375675554,-71.88587392869641,-56.56139660287784
506,1.628007137979e+18,-0.5432065987011262,4.0852468501232355,-64.79791593749727,-48.55489532554688,-55.55489532554688,-60.59637310505756,-63.495330536387506,-57.93206269097926
507,1.6280071383123333e+18,-0.5432065987011262,4.0852468501232355,-64.49533053638751,-51.88587392869641,-63.816989475978865,-65.47128104620114,-66.03707201955287,
508,1.6280071386456668e+18,-0.5174159003888673,4.185541129288622,-62.0,-49.55489532554687,-60.55489532554688,-71.24595133227496,-62.47128104620114,-59.74457620067879
509,1.628007138979e+18,-0.5109565562928395,4.21961288332221,-65.97945485112737,-48.55489532554688,-52.606630862880344,-65.55489532554688,-59.15539190686466,-59.67834375675554
510,1.6280071393123333e+18,-0.5109565562928395,4.21961288332221,-60.94200867351528,-49.220202460114145,-54.88587392869641,-65.37137961520601,,-59.0049353689235
511,1.6280071396456668e+18,-0.5069032197622583,4.253941652838692,-62.70670735514095,-49.127672045843056,-50.88587392869641,-60.98896257656086,-59.425883333927814,-57.744576200678786
512,1.628007139979e+18,-0.5069032197622583,4.253941652838692,-82.0,-48.663181874397345,-51.47128104620114,-64.0,-59.556083878874205,-58.29458940697501
513,1.6280071403123333e+18,-0.5102539691561225,4.268190219453739,-76.0,-55.0,-51.88587392869641,-60.640468339958204,,
514,1.6280071406456668e+18,-0.513412507518099,4.278029420438364,-77.28001344282686,-50.55489532554688,-53.47128104620114,-60.308438357056815,-58.0,-57.97593900912253
515,1.628007140979e+18,-0.513412507518099,4.278029420438364,-78.6982539887523,-55.0,-54.0,-60.92358370267847,-62.220202460114145,-58.386856921627
516,1.6280071413123333e+18,-0.5156853594381283,4.290337890021596,-76.98528966022042,-49.347921089903586,-51.47128104620114,-64.0,-57.0,
517,1.6280071416456668e+18,-0.5171288047512916,4.297881562398667,-83.0,-49.347921089903586,-54.0,-65.0,-62.442165116063975,-57.90255770152024
518,1.628007141979e+18,-0.5171288047512916,4.297881562398667,-78.0,-47.38834888915399,-52.47128104620114,-60.24595133227496,-59.84266066140716,-57.97224679626359
519,1.6280071423123333e+18,-0.5176419236881501,4.30413025045699,-75.0,-56.0,-53.47128104620114,-60.24595133227496,,
520,1.6280071426456668e+18,-0.5182406300042697,4.306399030241129,-78.0,-55.0,-52.47128104620114,-60.55489532554688,-56.0,-58.97593900912252
521,1.628007142979e+18,-0.5182406300042697,4.306399030241129,-78.16241031110505,-47.937700904720835,-52.92358370267848,-60.55489532554688,,-57.97224679626359
522,1.6280071433123333e+18,-0.5191038817337146,4.306397342952166,-78.0,-48.42971350721563,-55.0,-60.55489532554688,,
523,1.6280071436456668e+18,-0.5202960220739827,4.305936909215323,-78.0,-56.0,-53.361944479129065,-60.24595133227496,,-56.97593900912253
524,1.628007143979e+18,-0.5202960220739827,4.305936909215323,-78.0,-53.24595133227496,-55.0,-59.0,-66.0,-60.68521082957744
525,1.6280071443123333e+18,-0.5213458307542612,4.304832434415586,,,-53.16241031110505,,,
526,1.6280071446456668e+18,-0.5226605704912438,4.305840282693978,-77.16241031110505,-56.0,-54.0,-60.98528966022042,-59.86459584399115,-58.98298391329042
527,1.628007144979e+18,-0.5226605704912438,4.305840282693978,-79.0,-53.88587392869641,-54.0,-61.245951332274956,-59.42971350721563,-58.97593900912252
528,1.6280071453123333e+18,-0.5233506902996417,4.309240766608748,-76.78975051398773,-53.24595133227496,-54.0,-60.0,,
529,1.6280071456456668e+18,-0.5233506902996417,4.309240766608748,-79.0,-53.55489532554688,-55.0,-61.22763095213669,-61.575425239949254,-58.45738730960641
530,1.628007145979e+18,-0.5235753147576019,4.307852643651349,-78.16241031110505,-53.24595133227496,-54.0,-59.0,-60.59637310505756,-57.96708621881339
531,1.6280071463123333e+18,-0.5236434232174834,4.3081291866686815,-78.0,-53.55489532554688,-54.0,-61.75575955874767,,
532,1.6280071466456668e+18,-0.5236434232174834,4.3081291866686815,-77.6404683399582,-53.55489532554688,-54.47128104620114,-60.0,-61.68427091407203,-57.44722005532367
533,1.628007146979e+18,-0.5238069180401246,4.306456923560822,-77.30843835705681,-53.55489532554688,-54.0,-61.245951332274956,-60.54555797142076,-57.96708621881339
534,1.6280071473123333e+18,-0.5241731578901887,4.307617650043199,-79.0,-53.55489532554688,-54.0,-60.0,,
535,1.6280071476456668e+18,-0.5248388673740696,4.308122956902673,-78.0,-53.55489532554688,-54.0,-60.55489532554688,-60.59637310505756,-57.97151035824385
